Date,Open,High,Low,Close,Volume,Adj Close
2009-01-02,132.0,136.0,130.04,135.41,16551000,13.54
2009-01-05,131.75,139.98,130.15,137.84,24130000,13.78
2009-01-06,138.52,139.4,133.37,135.73,27639000,13.57
2009-01-07,132.16,132.16,125.02,127.34,20092000,12.73
2009-01-08,124.79,126.0,120.3,124.65,22412000,12.47
2009-01-09,126.02,126.93,118.72,120.64,14842000,12.06
2009-01-12,118.58,121.99,113.5,114.1,16487000,11.41
2009-01-13,116.8,119.73,113.92,115.5,25992000,11.55
2009-01-14,113.36,116.6,107.14,109.75,28570000,10.98
2009-01-15,110.99,112.75,105.0,109.44,30252000,10.94
2009-01-16,112.01,116.66,110.19,115.9,29517000,11.59
2009-01-20,115.39,115.48,109.22,109.65,25577000,10.97
2009-01-21,111.61,114.5,108.07,110.92,28058000,11.09
2009-01-22,109.96,114.5,109.21,112.53,27235000,11.25
2009-01-23,109.77,114.29,107.0,111.95,31530000,11.19
2009-01-26,112.99,119.3,112.94,115.57,26981000,11.56
2009-01-27,118.24,119.0,113.16,115.3,18420000,11.53
2009-01-28,120.0,129.98,118.09,127.16,45939000,12.72
2009-01-29,126.0,131.76,125.0,128.64,33230000,12.86
2009-01-30,131.99,132.51,128.0,128.77,19772000,12.88
2009-02-02,127.99,129.4,123.23,125.52,20344000,12.55
2009-02-03,127.03,127.5,122.25,125.17,18092000,12.52
2009-02-04,126.07,134.25,126.04,129.0,24392000,12.9
2009-02-05,127.83,127.83,122.74,125.29,24681000,12.53
2009-02-06,125.01,126.6,120.0,124.61,31831000,12.46
2009-02-09,129.11,141.88,129.01,140.57,43474000,14.06
2009-02-10,138.91,141.46,130.23,130.84,26135000,13.08
2009-02-11,132.6,137.32,131.56,133.86,17027000,13.39
2009-02-12,131.0,132.73,127.0,132.0,18481000,13.2
2009-02-13,131.0,131.94,127.5,128.2,13507000,12.82
2009-02-17,122.5,124.97,119.65,122.35,23095000,12.23
2009-02-18,124.0,130.1,123.35,128.09,28068000,12.81
2009-02-19,134.62,139.0,131.83,132.57,44532000,13.26
2009-02-20,130.5,138.98,128.16,136.27,33300000,13.63
2009-02-23,139.51,140.29,131.12,131.76,16501000,13.18
2009-02-24,131.51,145.25,129.77,142.76,29753000,14.28
2009-02-25,142.87,148.0,140.22,143.76,29834000,14.38
2009-02-26,147.09,153.0,145.05,145.94,25577000,14.59
2009-02-27,140.9,152.45,140.89,148.32,22545000,14.83
2009-03-02,145.16,147.11,136.26,137.22,22995000,13.72
2009-03-03,141.74,147.0,138.57,144.59,21159000,14.46
2009-03-04,152.01,163.5,151.7,157.32,38330000,15.73
2009-03-05,160.64,164.92,158.0,161.51,31453000,16.15
2009-03-06,161.11,163.6,151.1,157.02,21368000,15.7
2009-03-09,153.72,163.35,152.78,155.08,15464000,15.51
2009-03-10,161.27,167.92,159.5,166.59,23580000,16.66
2009-03-11,166.75,172.1,160.5,168.18,27056000,16.82
2009-03-12,169.17,170.95,163.58,169.4,17600000,16.94
2009-03-13,170.81,176.25,167.0,172.66,17454000,17.27
2009-03-16,170.9,171.75,160.82,161.34,25785000,16.13
2009-03-17,159.94,175.8,158.0,175.4,26738000,17.54
2009-03-18,172.71,175.89,169.7,175.0,22688000,17.5
2009-03-19,175.5,178.0,171.83,175.19,11751000,17.52
2009-03-20,176.4,177.0,172.43,175.2,12154000,17.52
2009-03-23,180.76,187.94,178.0,182.6,21587000,18.26
2009-03-24,186.35,197.69,184.46,188.3,36936000,18.83
2009-03-25,193.11,194.94,178.58,183.8,34223000,18.38
2009-03-26,188.5,192.26,185.1,186.35,21668000,18.64
2009-03-27,182.55,186.2,180.0,183.15,10764000,18.32
2009-03-30,177.0,177.79,169.52,172.99,20567000,17.3
2009-03-31,176.78,180.44,172.51,176.6,16008000,17.66
2009-04-01,174.31,178.31,171.02,174.77,13643000,17.48
2009-04-02,183.4,190.0,182.21,184.92,25324000,18.49
2009-04-03,185.04,190.0,180.0,187.5,15379000,18.75
2009-04-06,185.0,187.45,181.05,186.41,11338000,18.64
2009-04-07,182.48,183.95,177.1,177.42,16967000,17.74
2009-04-08,180.0,184.89,177.66,182.59,16895000,18.26
2009-04-09,189.0,193.42,181.8,190.32,22388000,19.03
2009-04-13,189.54,200.69,188.03,199.48,22254000,19.95
2009-04-14,202.92,203.85,196.0,197.95,17148000,19.8
2009-04-15,195.69,197.6,189.11,196.03,15306000,19.6
2009-04-16,197.5,204.94,193.3,203.45,26565000,20.34
2009-04-17,199.36,211.12,199.35,210.09,25177000,21.01
2009-04-20,205.0,207.77,197.69,200.0,19141000,20.0
2009-04-21,195.5,205.0,194.65,204.56,13612000,20.46
2009-04-22,204.29,218.0,202.75,208.33,23372000,20.83
2009-04-23,213.75,215.85,208.37,212.5,14922000,21.25
2009-04-24,215.36,219.87,209.64,217.54,22762000,21.75
2009-04-27,216.7,225.16,215.61,224.86,23890000,22.49
2009-04-28,229.55,236.62,217.35,221.19,50773000,22.12
2009-04-29,223.25,229.45,220.0,227.29,25029000,22.73
2009-04-30,231.99,236.4,229.76,232.9,21425000,23.29
2009-05-01,233.99,238.22,230.87,235.61,13282000,23.56
2009-05-04,238.4,248.27,236.64,248.25,21949000,24.83
2009-05-05,248.0,249.8,242.66,249.8,15670000,24.98
2009-05-06,251.61,257.01,247.8,255.67,23633000,25.57
2009-05-07,257.68,257.96,243.0,247.0,24549000,24.7
2009-05-08,249.99,251.99,237.63,246.0,22877000,24.6
2009-05-11,241.11,244.8,237.0,239.55,16344000,23.95
2009-05-12,241.75,243.36,236.0,241.18,14762000,24.12
2009-05-13,237.71,240.72,229.76,231.0,15862000,23.1
2009-05-14,230.53,236.62,229.55,234.6,13863000,23.46
2009-05-15,233.61,238.76,232.25,235.01,9156000,23.5
2009-05-18,238.99,244.37,234.29,243.59,13848000,24.36
2009-05-19,245.08,249.09,241.62,246.97,13238000,24.7
2009-05-20,248.69,254.79,244.21,247.04,14862000,24.7
2009-05-21,243.18,244.0,237.0,240.47,12331000,24.05
2009-05-22,242.5,244.25,236.5,239.9,7845000,23.99
2009-05-26,236.5,248.65,236.5,247.36,12670000,24.74
2009-05-27,247.39,254.98,245.64,251.12,13923000,25.11
2009-05-28,254.71,259.85,253.01,258.2,14414000,25.82
2009-05-29,260.0,264.21,259.51,263.8,13333000,26.38
2009-06-01,268.19,288.2,266.8,285.99,28008000,28.6
2009-06-02,284.0,285.49,277.2,278.0,20330000,27.8
2009-06-03,276.71,288.0,275.0,286.86,21590000,28.69
2009-06-04,289.49,294.84,285.72,293.4,20266000,29.34
2009-06-05,297.71,307.65,295.28,304.07,28048000,30.41
2009-06-08,300.01,304.5,292.52,303.9,22502000,30.39
2009-06-09,305.29,310.25,302.0,309.16,21782000,30.92
2009-06-10,308.85,309.74,295.25,298.3,29480000,29.83
2009-06-11,298.14,302.0,292.74,300.69,19722000,30.07
2009-06-12,297.09,297.55,285.88,289.0,22416000,28.9
2009-06-15,283.51,293.77,281.82,292.31,23894000,29.23
2009-06-16,294.4,296.75,287.4,289.0,15340000,28.9
2009-06-17,291.98,299.11,288.43,295.92,20790000,29.59
2009-06-18,297.49,297.49,291.27,294.04,14792000,29.4
2009-06-19,293.34,299.83,292.23,297.6,16932000,29.76
2009-06-22,294.01,294.95,274.03,278.02,24237000,27.8
2009-06-23,277.49,279.74,265.54,272.84,24947000,27.28
2009-06-24,277.6,285.86,277.06,283.35,18303000,28.33
2009-06-25,278.91,293.15,278.23,293.15,18873000,29.32
2009-06-26,293.54,301.84,291.5,301.18,16438000,30.12
2009-06-29,304.44,305.8,295.64,298.18,18310000,29.82
2009-06-30,298.62,302.64,294.26,301.09,14258000,30.11
2009-07-01,302.79,303.0,294.13,295.07,13952000,29.51
2009-07-02,291.48,293.26,287.8,289.5,14570000,28.95
2009-07-06,288.05,289.0,278.32,285.81,17880000,28.58
2009-07-07,284.93,286.96,275.68,276.15,13447000,27.61
2009-07-08,278.11,281.03,268.03,274.88,23645000,27.49
2009-07-09,279.29,286.0,270.63,281.75,21942000,28.17
2009-07-10,280.21,286.57,280.02,284.24,15672000,28.42
2009-07-13,286.15,290.9,279.95,290.63,16307000,29.06
2009-07-14,292.71,299.84,291.11,299.05,18172000,29.91
2009-07-15,303.0,318.79,302.5,315.81,31520000,31.58
2009-07-16,316.77,325.6,316.0,322.5,31330000,32.25
2009-07-17,320.87,323.69,316.21,321.6,17083000,32.16
2009-07-20,318.5,338.2,317.0,336.24,30884000,33.62
2009-07-21,337.88,338.72,326.42,332.08,24317000,33.21
2009-07-22,330.0,330.77,321.81,324.56,21020000,32.46
2009-07-23,326.0,335.6,325.72,332.64,22107000,33.26
2009-07-24,339.9,363.3,338.08,358.1,48845000,35.81
2009-07-27,360.12,368.49,352.83,356.82,28557000,35.68
2009-07-28,354.3,357.9,349.02,351.11,18122000,35.11
2009-07-29,346.01,349.49,341.64,344.51,12149000,34.45
2009-07-30,352.29,357.5,349.99,351.8,17665000,35.18
2009-07-31,351.8,355.4,346.27,348.14,11583000,34.81
2009-08-03,354.62,360.01,352.7,354.45,13811000,35.44
2009-08-04,353.0,357.79,348.08,351.44,12453000,35.14
2009-08-05,353.97,353.99,342.39,347.0,11657000,34.7
2009-08-06,350.0,350.56,341.12,341.28,13372000,34.13
2009-08-07,346.98,350.0,343.01,347.04,14179000,34.7
2009-08-10,348.9,354.55,346.51,351.88,12677000,35.19
2009-08-11,349.57,351.9,343.21,345.83,10619000,34.58
2009-08-12,345.88,350.74,345.0,348.63,10810000,34.86
2009-08-13,352.81,354.2,344.05,347.22,11474000,34.72
2009-08-14,345.27,346.14,337.06,339.58,14314000,33.96
2009-08-17,325.1,327.48,319.7,321.56,21478000,32.16
2009-08-18,323.97,329.63,321.2,327.4,15576000,32.74
2009-08-19,320.09,331.98,318.51,330.78,19468000,33.08
2009-08-20,335.42,339.67,334.45,339.25,13844000,33.92
2009-08-21,343.1,347.71,339.45,345.0,15765000,34.5
2009-08-24,348.0,353.0,344.0,345.0,13329000,34.5
2009-08-25,348.49,350.0,345.19,347.82,11129000,34.78
2009-08-26,346.55,348.12,340.04,343.72,10538000,34.37
2009-08-27,344.18,344.9,335.27,340.1,9873000,34.01
2009-08-28,344.75,346.6,336.66,339.53,10956000,33.95
2009-08-31,331.7,332.65,326.35,330.06,13299000,33.01
2009-09-01,327.91,338.7,316.49,318.76,24309000,31.88
2009-09-02,317.04,327.84,316.5,324.86,18905000,32.49
2009-09-03,331.21,331.21,325.0,329.48,9559000,32.95
2009-09-04,329.48,344.9,326.55,343.27,20791000,34.33
2009-09-08,350.5,359.2,350.0,357.15,24444000,35.72
2009-09-09,357.82,364.38,356.0,363.6,20127000,36.36
2009-09-10,365.06,372.53,363.28,372.45,20722000,37.24
2009-09-11,378.03,378.66,367.0,369.95,16784000,36.99
2009-09-14,373.98,379.67,370.75,379.5,17682000,37.95
2009-09-15,383.5,398.0,381.5,397.53,36437000,39.75
2009-09-16,401.4,404.29,398.15,402.91,26755000,40.29
2009-09-17,402.32,408.0,396.18,399.19,22191000,39.92
2009-09-18,400.6,401.6,396.25,399.98,13849000,40.0
2009-09-21,396.0,401.0,389.89,400.25,13974000,40.03
2009-09-22,405.74,406.88,395.0,396.29,16107000,39.63
2009-09-23,399.14,403.6,394.0,394.95,14190000,39.49
2009-09-24,396.76,398.0,376.3,390.23,28717000,39.02
2009-09-25,386.26,392.08,382.18,387.56,15607000,38.76
2009-09-28,390.28,398.0,388.0,396.05,11319000,39.6
2009-09-29,394.5,397.44,390.1,394.42,11499000,39.44
2009-09-30,395.01,396.69,383.85,391.05,18103000,39.1
2009-10-01,390.73,392.94,371.49,372.02,26248000,37.2
2009-10-02,369.47,383.0,366.0,375.21,14286000,37.52
2009-10-05,378.95,383.0,376.97,381.89,10797000,38.19
2009-10-06,386.21,401.19,386.15,401.0,32223000,40.1
2009-10-07,399.02,414.65,399.02,413.8,27641000,41.38
2009-10-08,417.34,419.89,410.28,412.67,22866000,41.27
2009-10-09,418.89,428.7,415.49,427.07,26958000,42.71
2009-10-12,423.42,426.35,410.69,413.49,27698000,41.35
2009-10-13,413.0,414.7,404.37,407.5,27336000,40.75
2009-10-14,413.72,416.98,405.9,410.18,18231000,41.02
2009-10-15,409.04,412.17,398.88,399.9,22707000,39.99
2009-10-16,401.78,403.81,395.45,395.79,16325000,39.58
2009-10-19,396.67,412.98,392.3,411.02,20990000,41.1
2009-10-20,414.24,418.86,404.23,408.72,19053000,40.87
2009-10-21,404.57,416.5,404.57,405.92,13733000,40.59
2009-10-22,404.01,416.16,403.42,415.6,12689000,41.56
2009-10-23,422.33,437.5,418.5,435.31,32581000,43.53
2009-10-26,438.9,439.9,424.55,432.97,35820000,43.3
2009-10-27,355.71,388.2,353.03,383.66,107476000,38.37
2009-10-28,383.67,399.37,383.36,396.83,47793000,39.68
2009-10-29,395.72,400.88,389.11,393.4,25070000,39.34
2009-10-30,391.77,398.91,376.8,377.92,26622000,37.79
2009-11-02,379.5,380.5,370.0,375.45,21916000,37.54
2009-11-03,370.41,384.52,369.12,383.04,14407000,38.3
2009-11-04,385.99,392.0,385.0,386.37,15832000,38.64
2009-11-05,389.52,397.38,388.73,396.23,18675000,39.62
2009-11-06,390.56,410.54,390.01,409.74,26370000,40.97
2009-11-09,416.0,425.88,414.38,425.87,26083000,42.59
2009-11-10,425.5,428.88,421.75,428.12,14840000,42.81
2009-11-11,431.88,438.38,423.11,430.51,21533000,43.05
2009-11-12,428.0,433.9,424.3,427.15,16087000,42.72
2009-11-13,428.99,432.5,424.31,432.5,12237000,43.25
2009-11-16,437.3,442.63,434.05,438.32,16824000,43.83
2009-11-17,436.05,442.86,435.65,441.5,12969000,44.15
2009-11-18,440.48,440.99,431.18,435.12,17062000,43.51
2009-11-19,431.25,431.94,423.18,428.01,14170000,42.8
2009-11-20,424.16,427.79,421.77,427.59,11138000,42.76
2009-11-23,433.88,439.88,433.16,439.0,14281000,43.9
2009-11-24,435.5,437.3,429.0,435.54,12135000,43.55
2009-11-25,438.33,443.25,437.07,442.18,12248000,44.22
2009-11-27,426.44,441.5,425.55,439.72,13380000,43.97
2009-11-30,435.12,437.74,428.64,433.74,18885000,43.37
2009-12-01,438.63,439.5,432.62,435.55,14342000,43.56
2009-12-02,436.34,441.0,433.34,434.72,13242000,43.47
2009-12-03,434.56,438.48,426.68,427.89,11824000,42.79
2009-12-04,432.71,435.45,422.05,425.32,15838000,42.53
2009-12-07,423.99,425.67,418.08,421.0,12661000,42.1
2009-12-08,417.21,424.15,416.11,418.84,10836000,41.88
2009-12-09,418.99,426.67,415.1,426.46,12395000,42.65
2009-12-10,427.23,428.85,422.0,422.32,9153000,42.23
2009-12-11,424.58,424.97,417.0,418.1,6951000,41.81
2009-12-14,420.25,424.96,416.37,424.51,7745000,42.45
2009-12-15,422.46,429.8,421.7,424.0,10578000,42.4
2009-12-16,426.3,429.18,423.52,426.26,7677000,42.63
2009-12-17,422.16,425.1,414.97,415.84,13356000,41.58
2009-12-18,417.2,419.57,411.29,414.4,13502000,41.44
2009-12-21,415.21,417.88,405.69,407.38,11352000,40.74
2009-12-22,408.51,410.5,394.56,398.81,16771000,39.88
2009-12-23,400.14,414.97,400.02,414.2,13626000,41.42
2009-12-24,415.9,421.81,414.15,415.99,7955000,41.6
2009-12-28,418.5,426.44,417.67,424.29,11083000,42.43
2009-12-29,426.49,426.75,418.1,419.63,7871000,41.96
2009-12-30,416.88,419.9,414.25,416.23,7273000,41.62
2009-12-31,417.71,419.0,410.4,411.23,6715000,41.12
2010-01-04,415.98,417.0,407.8,410.03,13461000,41.0
2010-01-05,410.54,412.0,402.44,405.9,15720000,40.59
2010-01-06,419.0,420.1,409.29,412.5,23432000,41.25
2010-01-07,410.4,411.55,402.05,404.63,14326000,40.46
2010-01-08,400.03,408.0,396.0,404.27,16701000,40.43
2010-01-11,405.77,407.11,397.8,400.57,12211000,40.06
2010-01-12,394.13,395.72,384.66,386.49,30952000,38.65
2010-01-13,442.72,443.2,424.97,439.48,120699000,43.95
2010-01-14,440.6,467.95,434.35,464.23,60247000,46.42
2010-01-15,462.9,470.25,458.58,467.68,46440000,46.77
2010-01-19,450.0,452.02,429.09,440.84,55308000,44.08
2010-01-20,433.68,447.29,433.38,439.67,18411000,43.97
2010-01-21,437.64,443.0,434.02,439.97,12017000,44.0
2010-01-22,431.81,432.0,415.0,416.9,23878000,41.69
2010-01-25,420.93,424.0,413.1,415.16,10405000,41.52
2010-01-26,414.6,423.6,409.21,419.38,13982000,41.94
2010-01-27,422.71,425.69,416.1,424.36,14334000,42.44
2010-01-28,427.4,429.0,417.02,417.85,10451000,41.78
2010-01-29,420.12,423.99,406.73,411.71,12734000,41.17
2010-02-01,417.78,429.79,416.81,425.68,16950000,42.57
2010-02-02,428.45,428.5,423.1,426.18,9851000,42.62
2010-02-03,437.48,450.99,435.0,449.78,30605000,44.98
2010-02-04,444.07,448.46,437.9,440.86,15422000,44.09
2010-02-05,443.01,449.24,439.15,448.8,17787000,44.88
2010-02-08,445.92,452.9,441.71,443.23,11812000,44.32
2010-02-09,447.31,449.05,432.39,435.01,28057000,43.5
2010-02-10,471.88,482.94,465.01,482.13,56471000,48.21
2010-02-11,481.8,489.27,481.56,487.46,21930000,48.75
2010-02-12,483.0,489.27,482.52,488.0,12157000,48.8
2010-02-16,492.5,493.96,486.85,489.47,12051000,48.95
2010-02-17,488.96,489.01,484.96,487.52,6157000,48.75
2010-02-18,487.49,498.88,486.11,497.6,11542000,49.76
2010-02-19,496.86,500.35,493.6,500.15,11400000,50.01
2010-02-22,501.53,509.66,501.16,507.15,16393000,50.72
2010-02-23,503.48,507.1,498.0,501.7,11454000,50.17
2010-02-24,501.95,506.5,498.59,505.47,8698000,50.55
2010-02-25,502.21,508.87,495.35,508.87,9821000,50.89
2010-02-26,509.74,518.69,508.27,518.68,10963000,51.87
2010-03-01,520.09,523.25,515.67,522.91,10265000,52.29
2010-03-02,524.47,524.79,515.38,518.88,9973000,51.89
2010-03-03,514.65,518.07,512.51,517.02,7366000,51.7
2010-03-04,518.0,525.0,514.88,523.78,8266000,52.38
2010-03-05,519.9,524.98,515.78,520.75,12167000,52.08
2010-03-08,523.77,536.63,522.17,534.33,14640000,53.43
2010-03-09,533.4,544.33,533.35,539.1,15209000,53.91
2010-03-10,542.08,551.5,541.55,549.17,16692000,54.92
2010-03-11,548.49,556.37,545.38,554.1,16120000,55.41
2010-03-12,558.5,559.47,549.76,550.24,14479000,55.02
2010-03-15,570.48,628.5,563.2,576.84,52023000,57.68
2010-03-16,582.08,588.0,571.53,573.16,24322000,57.32
2010-03-17,575.28,577.99,564.0,566.95,14765000,56.69
2010-03-18,565.07,570.0,560.76,564.66,9865000,56.47
2010-03-19,569.65,583.8,568.5,569.65,18971000,56.97
2010-03-22,570.43,585.79,564.0,579.72,32499000,57.97
2010-03-23,591.01,603.19,587.5,594.88,36701000,59.49
2010-03-24,595.86,613.44,595.0,608.5,32518000,60.85
2010-03-25,612.13,613.5,590.67,591.98,25624000,59.2
2010-03-26,588.49,598.46,585.25,596.37,13638000,59.64
2010-03-29,597.37,607.41,595.03,603.5,9267000,60.35
2010-03-30,602.54,607.15,596.2,598.2,9723000,59.82
2010-03-31,595.45,598.5,593.0,597.0,6595000,59.7
2010-04-01,603.66,603.66,597.5,600.0,10333000,60.0
2010-04-05,602.3,604.5,597.0,601.3,6731000,60.13
2010-04-06,598.32,619.41,596.75,619.41,16733000,61.94
2010-04-07,618.56,627.55,615.96,617.74,14933000,61.77
2010-04-08,615.68,622.75,611.47,619.85,10568000,61.99
2010-04-09,622.32,627.43,620.16,625.47,10592000,62.55
2010-04-12,625.57,629.5,622.0,626.16,6534000,62.62
2010-04-13,627.43,630.4,623.54,626.66,8849000,62.67
2010-04-14,631.28,639.6,630.0,637.66,13636000,63.77
2010-04-15,639.44,650.0,638.23,648.96,17097000,64.9
2010-04-16,643.45,645.0,630.05,632.37,16046000,63.24
2010-04-19,627.28,630.74,602.2,613.5,19733000,61.35
2010-04-20,620.82,635.84,619.85,635.84,14522000,63.58
2010-04-21,636.26,636.79,625.0,629.97,8803000,63.0
2010-04-22,625.0,641.93,623.25,640.04,8248000,64.0
2010-04-23,642.45,647.77,640.71,645.76,8498000,64.58
2010-04-26,648.25,651.5,637.14,640.85,9019000,64.08
2010-04-27,631.96,632.0,615.5,620.11,12931000,62.01
2010-04-28,626.19,627.89,620.0,621.38,16107000,62.14
2010-04-29,707.96,718.0,701.0,709.87,36906000,70.99
2010-04-30,708.5,716.45,687.68,688.96,14952000,68.9
2010-05-03,696.97,712.0,695.01,708.99,10427000,70.9
2010-05-04,702.12,703.0,686.55,693.0,12904000,69.3
2010-05-05,685.49,698.88,671.54,689.53,14361000,68.95
2010-05-06,685.19,694.6,625.0,668.02,17337000,66.8
2010-05-07,666.89,671.23,630.0,639.49,17058000,63.95
2010-05-10,667.45,694.79,667.44,694.78,17210000,69.48
2010-05-11,684.98,716.67,681.22,714.17,20933000,71.42
2010-05-12,74.26,78.36,72.82,78.21,41843500,78.21
2010-05-13,80.92,82.29,75.0,75.64,58873900,75.64
2010-05-14,73.92,74.81,72.28,73.98,19574000,73.98
2010-05-17,74.14,75.1,71.64,73.18,15382100,73.18
2010-05-18,74.72,75.25,71.42,71.57,12508000,71.57
2010-05-19,70.2,71.98,68.36,70.13,13591500,70.13
2010-05-20,67.64,69.62,66.82,67.58,15770500,67.58
2010-05-21,66.18,71.63,66.03,70.85,20711800,70.85
2010-05-24,72.45,73.35,70.94,71.0,10656700,71.0
2010-05-25,67.18,69.46,66.43,69.08,15889000,69.08
2010-05-26,71.76,72.1,67.57,67.59,12458900,67.59
2010-05-27,70.49,73.51,69.56,73.5,14046900,73.5
2010-05-28,74.2,74.2,72.12,73.21,10411000,73.21
2010-06-01,72.85,75.6,72.13,73.56,11877200,73.56
2010-06-02,74.66,76.0,73.37,75.98,9430700,75.98
2010-06-03,77.32,77.97,74.92,76.66,14220800,76.66
2010-06-04,75.6,76.24,73.15,73.2,9111200,73.2
2010-06-07,74.04,74.23,69.23,69.81,10300400,69.81
2010-06-08,71.03,71.72,68.71,70.49,10859800,70.49
2010-06-09,72.3,72.34,66.85,67.4,14883600,67.4
2010-06-10,69.14,72.72,68.42,72.63,15011000,72.63
2010-06-11,71.44,73.35,71.22,72.85,8567800,72.85
2010-06-14,74.23,74.95,72.8,72.93,8254300,72.93
2010-06-15,73.5,75.4,73.2,75.37,8277700,75.37
2010-06-16,74.94,76.73,74.42,74.81,9775100,74.81
2010-06-17,75.33,75.35,71.92,72.47,11769400,72.47
2010-06-18,72.37,74.88,71.6,74.09,12006300,74.09
2010-06-21,77.09,78.59,75.65,76.36,20528300,76.36
2010-06-22,77.42,77.52,75.07,75.68,12274500,75.68
2010-06-23,75.93,76.62,74.25,76.19,9863600,76.19
2010-06-24,75.9,75.91,73.52,73.8,10590200,73.8
2010-06-25,74.26,76.28,73.39,76.1,8867700,76.1
2010-06-28,76.01,76.47,74.25,74.44,7552300,74.44
2010-06-29,71.86,72.88,66.44,67.57,24171900,67.57
2010-06-30,67.98,70.35,67.68,68.08,15191200,68.08
2010-07-01,69.35,69.88,65.9,68.55,11540100,68.55
2010-07-02,69.38,69.41,67.16,67.55,6293500,67.55
2010-07-06,69.2,70.06,66.85,67.45,9658200,67.45
2010-07-07,67.52,72.44,67.25,72.37,12808300,72.37
2010-07-08,73.3,73.75,71.1,72.43,11403400,72.43
2010-07-09,70.2,71.84,70.08,71.2,14945000,71.2
2010-07-12,70.68,71.78,70.35,70.73,8280100,70.73
2010-07-13,72.16,74.8,71.39,74.38,13455900,74.38
2010-07-14,75.14,75.48,73.99,75.03,9501900,75.03
2010-07-15,75.01,75.86,74.11,75.64,8528600,75.64
2010-07-16,75.23,75.7,73.29,73.53,10384900,73.53
2010-07-19,71.67,73.39,70.38,72.9,15400600,72.9
2010-07-20,71.26,74.23,70.75,74.04,9721000,74.04
2010-07-21,74.98,76.58,73.0,73.31,18796800,73.31
2010-07-22,76.38,76.46,72.3,74.45,19747500,74.45
2010-07-23,75.4,78.22,74.5,78.06,13308300,78.06
2010-07-26,78.87,80.87,78.3,80.37,13939300,80.37
2010-07-27,80.73,81.99,80.11,81.07,10737400,81.07
2010-07-28,80.78,81.18,78.88,79.4,7746700,79.4
2010-07-29,80.09,80.46,77.64,79.2,9387900,79.2
2010-07-30,79.4,81.55,78.3,81.41,12327800,81.41
2010-08-02,83.03,84.98,82.9,84.6,13600000,84.6
2010-08-03,84.62,85.35,82.8,84.79,10146900,84.79
2010-08-04,85.41,86.91,85.07,86.6,11704500,86.6
2010-08-05,86.26,86.46,84.85,85.57,8026600,85.57
2010-08-06,84.64,86.6,84.33,86.53,8692300,86.53
2010-08-09,87.45,88.0,86.7,87.56,8792800,87.56
2010-08-10,86.51,88.32,85.62,87.87,9241200,87.87
2010-08-11,85.75,86.35,83.44,84.23,11797200,84.23
2010-08-12,81.85,84.11,80.1,82.65,12296600,82.65
2010-08-13,82.76,83.5,82.04,82.83,6509900,82.83
2010-08-16,82.31,85.27,82.11,84.35,7411800,84.35
2010-08-17,85.77,86.05,84.3,84.43,7173200,84.43
2010-08-18,84.66,84.8,82.8,82.92,7654500,82.92
2010-08-19,82.55,83.3,81.01,81.19,8077800,81.19
2010-08-20,80.61,82.69,80.4,82.17,7904900,82.17
2010-08-23,81.22,81.39,79.24,79.37,10254100,79.37
2010-08-24,77.74,78.88,76.82,77.34,9577400,77.34
2010-08-25,76.41,78.55,76.0,78.3,7715300,78.3
2010-08-26,79.4,79.43,76.59,76.6,6350800,76.6
2010-08-27,76.87,79.68,76.08,79.37,7554500,79.37
2010-08-30,79.79,80.6,77.19,77.24,6741300,77.24
2010-08-31,76.7,78.94,76.04,78.43,7701700,78.43
2010-09-01,80.44,82.55,79.9,81.84,8954500,81.84
2010-09-02,82.0,83.4,81.62,82.61,5593100,82.61
2010-09-03,84.01,84.58,83.25,84.3,7335800,84.3
2010-09-07,84.1,84.59,82.16,82.27,6771200,82.27
2010-09-08,82.97,84.43,82.89,84.19,6490800,84.19
2010-09-09,85.23,85.55,83.29,83.83,6157600,83.83
2010-09-10,84.17,84.33,83.25,84.33,3991100,84.33
2010-09-13,85.13,86.5,85.13,86.26,8757700,86.26
2010-09-14,85.86,87.42,85.8,86.33,6565800,86.33
2010-09-15,85.91,86.86,85.51,86.3,4932000,86.3
2010-09-16,86.11,86.3,85.25,86.09,4614500,86.09
2010-09-17,86.7,86.7,85.46,85.73,6452100,85.73
2010-09-20,86.06,90.0,85.86,89.87,13065300,89.87
2010-09-21,90.0,92.31,89.6,91.19,13472600,91.19
2010-09-22,91.02,91.98,90.32,91.81,6206300,91.81
2010-09-23,91.09,95.17,90.59,95.03,14886400,95.03
2010-09-24,97.07,98.13,95.76,97.83,14033400,97.83
2010-09-27,99.6,104.39,99.45,103.82,20994200,103.82
2010-09-28,105.5,107.19,99.85,102.04,22835600,102.04
2010-09-29,102.65,104.0,101.77,103.72,11551800,103.72
2010-09-30,104.03,104.94,99.88,102.62,12909500,102.62
2010-10-01,103.46,103.5,98.68,98.8,13827200,98.8
2010-10-04,98.25,99.38,95.12,96.22,13431900,96.22
2010-10-05,98.04,102.95,97.61,102.7,13751500,102.7
2010-10-06,102.95,103.04,97.64,98.4,17634300,98.4
2010-10-07,100.45,100.45,97.5,98.49,11330200,98.49
2010-10-08,99.25,99.54,96.17,98.62,11292200,98.62
2010-10-11,99.26,101.83,99.01,99.74,8841600,99.74
2010-10-12,99.3,100.22,97.61,99.62,9738400,99.62
2010-10-13,101.5,102.39,99.21,99.95,11515300,99.95
2010-10-14,100.01,100.06,97.41,98.2,9249700,98.2
2010-10-15,101.39,101.49,98.55,98.66,15108000,98.66
2010-10-18,99.0,105.58,98.7,103.4,24254300,103.4
2010-10-19,101.99,103.5,99.1,100.82,16226700,100.82
2010-10-20,101.86,102.13,99.5,100.01,12266100,100.01
2010-10-21,102.01,102.78,100.5,102.48,19832700,102.48
2010-10-22,105.36,109.34,104.85,107.28,31742200,107.28
2010-10-25,109.32,110.05,107.6,109.75,14689600,109.75
2010-10-26,108.87,113.36,108.79,112.62,15244900,112.62
2010-10-27,112.83,113.46,110.63,112.87,10176100,112.87
2010-10-28,113.53,113.78,111.17,112.17,7022100,112.17
2010-10-29,111.33,111.97,109.45,110.01,8427400,110.01
2010-11-01,111.76,111.83,106.85,107.15,12219400,107.15
2010-11-02,108.4,109.94,107.4,109.55,10307600,109.55
2010-11-03,109.68,110.87,109.0,110.65,7566300,110.65
2010-11-04,111.86,112.55,107.1,110.06,13959800,110.06
2010-11-05,110.03,110.5,108.37,108.8,8387500,108.8
2010-11-08,108.22,111.23,108.15,110.4,7340300,110.4
2010-11-09,110.95,111.0,108.5,109.19,6974100,109.19
2010-11-10,109.1,111.76,108.25,111.69,8880300,111.69
2010-11-11,110.21,115.04,109.45,114.1,15478600,114.1
2010-11-12,112.97,114.3,107.81,110.64,15511400,110.64
2010-11-15,110.15,111.18,108.42,108.8,6233600,108.8
2010-11-16,108.0,109.17,103.11,103.6,16550500,103.6
2010-11-17,104.36,108.44,104.01,106.92,11242000,106.92
2010-11-18,109.67,110.5,107.27,108.14,10180700,108.14
2010-11-19,107.81,109.18,106.58,108.59,7503400,108.59
2010-11-22,108.9,109.61,106.51,108.87,8068700,108.87
2010-11-23,106.69,107.67,105.33,106.31,7744500,106.31
2010-11-24,107.96,109.5,107.76,109.0,7178100,109.0
2010-11-26,107.86,109.66,107.55,109.37,4500700,109.37
2010-11-29,109.51,110.64,106.86,107.38,8795800,107.38
2010-11-30,106.86,107.2,104.38,105.05,9373400,105.05
2010-12-01,107.84,107.92,105.94,106.81,6835400,106.81
2010-12-02,107.01,108.3,105.77,106.37,7907800,106.37
2010-12-03,105.5,109.87,105.34,109.23,9362600,109.23
2010-12-06,110.01,111.72,109.01,110.23,10705500,110.23
2010-12-07,111.98,112.08,109.63,109.68,7131700,109.68
2010-12-08,110.15,110.15,107.66,108.07,5769800,108.07
2010-12-09,108.4,109.0,107.11,108.07,5731600,108.07
2010-12-10,107.75,108.57,107.18,107.86,5679500,107.86
2010-12-13,108.19,110.38,108.03,108.31,7767600,108.31
2010-12-14,108.51,108.74,106.0,106.62,7123200,106.62
2010-12-15,106.03,107.44,99.82,100.2,21103200,100.2
2010-12-16,99.89,99.89,97.35,98.31,15228900,98.31
2010-12-17,100.04,100.47,97.94,98.74,10656800,98.74
2010-12-20,99.1,99.2,94.33,98.79,13374500,98.79
2010-12-21,99.13,101.5,99.01,101.25,8032300,101.25
2010-12-22,101.09,101.93,99.69,100.5,5165000,100.5
2010-12-23,99.86,100.46,99.25,100.16,3535300,100.16
2010-12-27,98.69,100.2,97.87,100.13,5513100,100.13
2010-12-28,99.25,100.13,98.36,98.71,5059700,98.71
2010-12-29,99.28,99.64,98.7,99.11,3016500,99.11
2010-12-30,99.03,99.15,98.12,98.21,3028800,98.21
2010-12-31,98.0,98.24,96.53,96.53,4206400,96.53
2011-01-03,97.95,100.46,97.58,99.73,7421700,99.73
2011-01-04,100.0,101.41,99.51,100.97,7197600,100.97
2011-01-05,100.5,104.66,100.11,104.63,8647100,104.63
2011-01-06,105.04,106.16,103.52,105.16,8623200,105.16
2011-01-07,105.02,107.11,104.38,106.95,9014200,106.95
2011-01-10,105.77,106.64,104.91,105.98,6001300,105.98
2011-01-11,106.5,107.38,105.37,106.28,5371900,106.28
2011-01-12,106.8,106.8,105.18,105.93,4236200,105.93
2011-01-13,105.25,107.95,105.23,106.25,7241100,106.25
2011-01-14,106.37,107.8,105.84,107.73,4862500,107.73
2011-01-18,107.33,109.25,106.76,108.15,5913500,108.15
2011-01-19,108.0,108.96,106.66,107.31,6534300,107.31
2011-01-20,106.08,106.76,104.37,105.66,8062700,105.66
2011-01-21,106.87,107.81,104.9,105.1,7161800,105.1
2011-01-24,105.42,106.45,101.43,106.36,9730200,106.36
2011-01-25,104.51,107.55,104.4,105.89,6044200,105.89
2011-01-26,105.98,108.57,105.76,107.95,5540400,107.95
2011-01-27,108.08,109.92,107.2,109.05,6441000,109.05
2011-01-28,109.49,109.75,104.83,106.54,7937400,106.54
2011-01-31,107.51,109.19,106.11,108.63,10398300,108.63
2011-02-01,116.39,119.21,115.1,118.73,22003600,118.73
2011-02-02,118.11,119.21,117.83,118.02,8682600,118.02
2011-02-03,118.25,118.85,116.67,118.5,6383500,118.5
2011-02-04,118.58,118.9,116.88,117.68,4827600,117.68
2011-02-07,118.08,120.5,117.3,118.96,7632300,118.96
2011-02-08,119.0,120.16,118.25,119.84,4288400,119.84
2011-02-09,121.55,124.55,121.23,123.01,8514900,123.01
2011-02-10,122.73,125.9,121.63,125.79,7489100,125.79
2011-02-11,126.71,129.65,125.3,129.58,8111000,129.58
2011-02-14,130.95,131.63,128.28,128.81,7890300,128.81
2011-02-15,128.54,129.28,126.81,128.04,4701800,128.04
2011-02-16,128.67,129.75,127.36,128.71,4243200,128.71
2011-02-17,129.15,129.26,127.78,128.54,3601100,128.54
2011-02-18,128.83,128.99,125.71,126.8,5130800,126.8
2011-02-22,123.53,123.74,118.95,120.28,9447300,120.28
2011-02-23,120.2,121.48,112.95,115.9,11786400,115.9
2011-02-24,116.71,119.86,115.5,118.81,6785200,118.81
2011-02-25,120.5,121.72,119.62,120.59,4825300,120.59
2011-02-28,122.74,123.12,119.75,121.16,4371700,121.16
2011-03-01,119.72,120.55,117.0,117.83,5781000,117.83
2011-03-02,117.21,120.23,117.21,119.49,3717900,119.49
2011-03-03,121.8,122.14,120.22,121.85,4039400,121.85
2011-03-04,122.5,123.58,121.7,122.34,4478200,122.34
2011-03-07,123.1,123.23,117.81,120.18,5157000,120.18
2011-03-08,119.98,121.6,118.25,120.18,3472700,120.18
2011-03-09,120.12,120.61,118.3,119.75,4001600,119.75
2011-03-10,117.99,121.5,117.1,120.87,6269200,120.87
2011-03-11,119.56,125.3,119.25,124.96,6855500,124.96
2011-03-14,124.1,125.4,121.85,124.06,6217600,124.06
2011-03-15,119.0,123.27,118.0,122.23,6405900,122.23
2011-03-16,123.02,125.09,119.41,120.56,8473800,120.56
2011-03-17,122.51,123.95,120.88,121.64,6143400,121.64
2011-03-18,122.37,123.3,120.5,120.5,6061600,120.5
2011-03-21,122.05,124.88,121.85,124.0,5750200,124.0
2011-03-22,124.44,127.33,123.68,127.09,6785600,127.09
2011-03-23,126.91,133.97,126.01,132.58,13585700,132.58
2011-03-24,134.49,135.0,130.81,133.48,9865300,133.48
2011-03-25,134.33,136.49,134.0,134.92,9326800,134.92
2011-03-28,136.13,136.3,133.4,133.67,6488900,133.67
2011-03-29,133.12,136.24,132.8,136.0,5230700,136.0
2011-03-30,138.25,138.53,135.5,136.38,7553100,136.38
2011-03-31,136.23,137.89,135.5,137.81,4945700,137.81
2011-04-01,138.45,139.44,137.3,138.83,7246200,138.83
2011-04-04,140.0,143.11,138.9,143.11,8118800,143.11
2011-04-05,143.2,143.48,140.3,141.65,5822400,141.65
2011-04-06,142.17,142.95,136.02,137.25,8908100,137.25
2011-04-07,137.38,139.21,136.2,139.1,6105100,139.1
2011-04-08,140.1,142.5,139.65,141.88,7833200,141.88
2011-04-11,147.41,148.92,143.5,145.68,16613600,145.68
2011-04-12,145.28,145.28,140.08,140.71,9144400,140.71
2011-04-13,143.34,146.23,142.21,145.69,9388900,145.69
2011-04-14,145.62,147.25,144.68,147.01,7452400,147.01
2011-04-15,146.81,147.3,144.52,146.81,5677000,146.81
2011-04-18,145.19,145.95,141.16,145.89,8010800,145.89
2011-04-19,146.25,150.0,145.66,149.9,9663100,149.9
2011-04-20,152.7,154.0,148.45,149.31,7663800,149.31
2011-04-21,148.36,150.55,147.21,148.65,5917600,148.65
2011-04-25,149.16,152.58,148.69,151.96,6283200,151.96
2011-04-26,152.95,154.89,149.67,152.37,8700000,152.37
2011-04-27,153.6,153.67,146.18,151.11,12070400,151.11
2011-04-28,151.47,156.04,146.35,148.25,17200000,148.25
2011-04-29,147.8,150.89,147.2,148.52,8935800,148.52
2011-05-02,149.93,150.5,147.11,147.47,5967000,147.47
2011-05-03,147.83,148.4,136.5,139.84,15585800,139.84
2011-05-04,138.76,141.85,134.28,139.01,13975500,139.01
2011-05-05,137.2,142.48,136.51,140.19,7572700,140.19
2011-05-06,142.5,143.51,140.55,141.26,6627500,141.26
2011-05-09,142.26,143.33,139.61,142.62,4636300,142.62
2011-05-10,143.42,143.69,140.57,142.24,5433400,142.24
2011-05-11,142.0,142.56,137.6,138.9,6229900,138.9
2011-05-12,137.71,139.27,135.65,138.2,6914700,138.2
2011-05-13,137.15,137.39,131.02,131.28,13656200,131.28
2011-05-16,129.07,135.5,127.36,127.77,12899700,127.77
2011-05-17,127.87,131.95,124.66,131.81,13981400,131.81
2011-05-18,132.88,133.71,131.33,131.84,6454300,131.84
2011-05-19,132.55,136.25,132.14,135.88,7790500,135.88
2011-05-20,135.57,136.33,133.85,134.69,5853700,134.69
2011-05-23,130.5,131.13,128.71,129.47,8093500,129.47
2011-05-24,131.51,131.56,129.0,129.26,5600000,129.26
2011-05-25,129.21,132.42,129.15,129.54,5627700,129.54
2011-05-26,130.28,130.63,127.78,129.95,6194900,129.95
2011-05-27,130.27,134.75,130.02,133.93,6465200,133.93
2011-05-31,136.84,137.2,134.25,135.71,5505100,135.71
2011-06-01,135.0,137.15,132.15,132.47,6866400,132.47
2011-06-02,132.81,138.67,132.76,138.49,8349300,138.49
2011-06-03,136.36,139.09,132.5,133.21,8889100,133.21
2011-06-06,134.37,134.74,125.9,126.97,9966600,126.97
2011-06-07,127.88,128.39,121.12,124.82,16890600,124.82
2011-06-08,124.53,126.33,119.88,120.67,13080800,120.67
2011-06-09,121.49,124.38,118.9,123.21,13714500,123.21
2011-06-10,122.62,124.72,121.08,121.69,8987100,121.69
2011-06-13,121.29,123.75,117.53,118.03,10564000,118.03
2011-06-14,120.81,125.35,120.61,124.82,10262600,124.82
2011-06-15,123.51,123.81,118.32,118.84,11555400,118.84
2011-06-16,120.1,121.33,114.14,116.24,13114900,116.24
2011-06-17,119.49,119.79,116.58,117.68,11399300,117.68
2011-06-20,117.11,120.97,116.6,118.28,8112500,118.28
2011-06-21,121.23,127.75,120.81,127.71,11291700,127.71
2011-06-22,127.01,127.48,124.5,124.87,8932400,124.87
2011-06-23,121.84,129.35,121.51,129.22,10402800,129.22
2011-06-24,130.46,131.44,127.75,128.68,9912800,128.68
2011-06-27,129.19,134.24,129.19,133.17,7429200,133.17
2011-06-28,134.0,137.0,133.5,136.17,7972500,136.17
2011-06-29,137.74,137.96,135.37,137.58,7944700,137.58
2011-06-30,138.26,140.25,137.25,140.13,9443600,140.13
2011-07-01,139.44,143.35,138.9,143.35,7246600,143.35
2011-07-05,145.81,146.3,142.92,145.87,9708800,145.87
2011-07-06,144.49,146.68,143.0,145.84,6982200,145.84
2011-07-07,147.22,148.44,145.07,147.01,6920400,147.01
2011-07-08,142.82,147.8,140.62,147.78,7758900,147.78
2011-07-11,144.95,146.99,141.02,142.4,7872500,142.4
2011-07-12,141.72,142.3,137.7,138.94,8728600,138.94
2011-07-13,142.11,144.5,141.86,142.29,6512600,142.29
2011-07-14,142.95,144.36,139.81,140.82,6756800,140.82
2011-07-15,145.15,147.24,143.67,146.93,8347600,146.93
2011-07-18,145.94,148.8,145.0,148.13,6587400,148.13
2011-07-19,150.22,152.75,149.72,152.56,7471900,152.56
2011-07-20,154.0,155.9,151.76,154.99,8490600,154.99
2011-07-21,155.0,155.5,149.63,150.17,10213400,150.17
2011-07-22,151.28,155.0,151.0,154.0,5649800,154.0
2011-07-25,153.32,157.9,152.76,156.54,12332600,156.54
2011-07-26,163.56,165.96,162.1,164.36,17765900,164.36
2011-07-27,163.5,165.89,159.5,161.24,9787100,161.24
2011-07-28,160.96,162.73,156.55,158.34,8243800,158.34
2011-07-29,154.93,158.46,152.34,157.07,9798600,157.07
2011-08-01,161.7,161.9,155.21,158.93,8099500,158.93
2011-08-02,158.29,160.8,152.58,152.92,7735100,152.92
2011-08-03,153.41,155.0,145.26,152.43,11448600,152.43
2011-08-04,148.55,149.59,143.41,143.92,9657400,143.92
2011-08-05,145.9,147.2,134.73,140.99,14895700,140.99
2011-08-08,132.1,137.0,128.77,130.45,14071900,130.45
2011-08-09,133.89,143.85,133.0,143.64,16143200,143.64
2011-08-10,140.56,145.99,138.25,140.79,12165700,140.79
2011-08-11,143.95,151.49,141.7,148.15,11648400,148.15
2011-08-12,151.64,151.98,149.35,150.15,7487800,150.15
2011-08-15,152.0,152.09,142.7,144.64,14636700,144.64
2011-08-16,138.56,139.46,134.37,136.92,17187500,136.92
2011-08-17,137.28,138.37,132.1,137.96,11735700,137.96
2011-08-18,132.0,133.37,126.61,128.77,14247300,128.77
2011-08-19,126.31,135.65,125.11,126.98,14502200,126.98
2011-08-22,132.32,132.87,125.78,126.65,9321300,126.65
2011-08-23,129.0,136.5,128.06,136.36,10000400,136.36
2011-08-24,136.47,137.86,131.06,133.68,9298600,133.68
2011-08-25,135.74,136.5,132.32,133.09,6059700,133.09
2011-08-26,133.43,140.0,132.31,139.7,9939700,139.7
2011-08-29,143.35,143.81,140.79,143.3,6703200,143.3
2011-08-30,141.93,149.8,141.5,148.35,10779500,148.35
2011-08-31,150.62,151.11,142.82,145.78,9324400,145.78
2011-09-01,145.03,147.4,143.7,144.29,5499400,144.29
2011-09-02,140.0,141.84,137.73,140.45,5829800,140.45
2011-09-06,135.8,143.5,135.51,143.19,6997900,143.19
2011-09-07,144.19,146.86,141.3,146.05,8428300,146.05
2011-09-08,144.95,149.62,144.8,147.01,7221400,147.01
2011-09-09,146.3,148.3,142.03,143.63,7596000,143.63
2011-09-12,141.64,145.0,140.65,144.23,5137900,144.23
2011-09-13,144.61,145.25,142.6,144.58,4744200,144.58
2011-09-14,145.67,149.29,144.36,147.48,7814600,147.48
2011-09-15,148.5,149.05,145.51,147.17,5965200,147.17
2011-09-16,146.91,147.94,145.5,146.95,5024200,146.95
2011-09-19,144.96,146.5,142.02,145.64,6188000,145.64
2011-09-20,146.06,150.46,138.58,139.93,13427400,139.93
2011-09-21,141.09,143.36,138.27,138.33,7319700,138.33
2011-09-22,134.37,134.73,119.61,123.18,17805000,123.18
2011-09-23,121.51,125.0,120.67,123.4,9646900,123.4
2011-09-26,124.77,125.0,114.3,122.56,11564300,122.56
2011-09-27,126.68,130.77,126.11,127.72,9555800,127.72
2011-09-28,127.11,128.5,120.73,121.42,7624600,121.42
2011-09-29,124.23,124.39,106.37,110.29,25017500,110.29
2011-09-30,102.87,114.87,100.95,106.91,22552600,106.91
2011-10-03,104.71,109.22,104.4,105.16,11558400,105.16
2011-10-04,103.7,110.22,102.0,110.09,11698900,110.09
2011-10-05,108.99,111.24,103.86,111.17,13260400,111.17
2011-10-06,113.51,120.92,113.01,120.89,12914200,120.89
2011-10-07,123.24,123.53,115.54,119.21,10142900,119.21
2011-10-10,120.86,127.54,119.48,124.54,9041000,124.54
2011-10-11,123.88,129.75,122.25,129.47,8916200,129.47
2011-10-12,130.2,134.85,129.51,130.83,10925900,130.83
2011-10-13,130.7,133.3,127.85,132.97,9253700,132.97
2011-10-14,138.52,138.53,135.0,137.6,8221600,137.6
2011-10-17,136.29,138.38,134.22,135.61,7145700,135.61
2011-10-18,133.98,133.98,126.56,132.37,9791200,132.37
2011-10-19,130.82,133.98,125.35,126.23,7866500,126.23
2011-10-20,122.38,125.82,121.66,123.87,8534800,123.87
2011-10-21,126.16,126.29,119.58,122.16,8088900,122.16
2011-10-24,123.66,132.85,123.5,132.02,9547900,132.02
2011-10-25,132.18,132.18,126.2,127.98,7107200,127.98
2011-10-26,130.7,131.98,125.58,130.8,9529900,130.8
2011-10-27,137.17,140.0,133.8,138.39,14125400,138.39
2011-10-28,145.0,147.68,142.64,144.62,13956300,144.62
2011-10-31,140.74,143.91,138.79,140.18,6463900,140.18
2011-11-01,133.37,136.99,132.8,135.05,6987000,135.05
2011-11-02,139.8,141.88,139.33,140.55,6812300,140.55
2011-11-03,142.82,144.94,140.0,143.5,6296700,143.5
2011-11-04,142.94,143.6,138.95,143.18,4668600,143.18
2011-11-07,142.66,143.89,139.6,140.78,4214000,140.78
2011-11-08,141.6,142.72,138.6,141.94,4848600,141.94
2011-11-09,139.5,140.25,135.73,136.17,5554000,136.17
2011-11-10,138.18,138.64,133.6,135.68,4302200,135.68
2011-11-11,137.39,138.22,135.0,137.76,3589500,137.76
2011-11-14,137.0,140.2,136.5,138.88,3387200,138.88
2011-11-15,138.02,141.35,137.64,140.74,5224900,140.74
2011-11-16,139.8,140.4,137.74,138.1,4085900,138.1
2011-11-17,137.79,137.99,128.93,131.1,7512000,131.1
2011-11-18,131.96,131.96,126.05,126.93,5627900,126.93
2011-11-21,123.36,124.82,118.0,124.17,8811500,124.17
2011-11-22,123.48,127.05,121.88,124.28,4559100,124.28
2011-11-23,122.64,123.39,119.03,119.55,4581600,119.55
2011-11-25,118.6,121.36,118.44,119.91,2792400,119.91
2011-11-28,125.45,127.68,123.61,126.81,6408500,126.81
2011-11-29,127.4,127.5,124.67,124.92,4573600,124.92
2011-11-30,131.31,131.65,129.1,130.99,6114200,130.99
2011-12-01,130.15,135.99,130.1,134.83,5194500,134.83
2011-12-02,136.49,136.63,133.64,134.09,3482300,134.09
2011-12-05,136.44,137.21,133.8,134.63,4420400,134.63
2011-12-06,134.22,135.48,130.03,131.25,4555600,131.25
2011-12-07,130.53,131.5,127.26,129.33,3523600,129.33
2011-12-08,128.37,130.38,126.37,126.63,3914500,126.63
2011-12-09,126.71,131.0,125.56,130.52,4766800,130.52
2011-12-12,128.54,128.8,125.25,127.65,4120000,127.65
2011-12-13,127.89,128.38,121.66,122.22,6803800,122.22
2011-12-14,120.03,120.2,115.82,117.97,7146100,117.97
2011-12-15,119.11,119.29,110.69,114.34,10192300,114.34
2011-12-16,114.48,116.17,110.9,114.52,8987400,114.52
2011-12-19,113.93,114.99,111.07,111.45,4946900,111.45
2011-12-20,114.0,118.78,112.21,118.4,7258200,118.4
2011-12-21,117.39,117.39,111.0,112.97,6653800,112.97
2011-12-22,113.14,116.75,112.75,115.56,4517100,115.56
2011-12-23,116.64,118.7,116.0,117.81,3771800,117.81
2011-12-27,117.08,117.93,115.83,116.25,2601200,116.25
2011-12-28,116.03,117.66,115.02,116.5,3746800,116.5
2011-12-29,116.02,116.38,113.17,114.72,4212200,114.72
2011-12-30,114.08,116.8,113.82,116.47,5057000,116.47
2012-01-03,120.0,125.14,120.0,124.29,7311200,124.29
2012-01-04,122.75,123.6,121.15,121.99,4398200,121.99
2012-01-05,121.1,124.0,120.68,123.27,4772700,123.27
2012-01-06,123.72,124.11,120.0,121.09,4978100,121.09
2012-01-09,122.97,122.97,117.17,120.11,5594500,120.11
2012-01-10,124.21,127.3,124.0,126.88,6929000,126.88
2012-01-11,126.47,128.59,125.53,128.19,5328900,128.19
2012-01-12,129.0,130.25,127.67,128.3,4908500,128.3
2012-01-13,127.02,128.91,126.5,127.41,4045800,127.41
2012-01-17,131.3,131.5,128.6,128.85,6150400,128.85
2012-01-18,128.83,129.73,125.31,126.07,6589400,126.07
2012-01-19,127.46,127.53,123.0,123.62,10790500,123.62
2012-01-20,122.95,124.54,121.5,122.8,6038500,122.8
2012-01-23,123.34,126.8,123.34,123.93,7128800,123.93
2012-01-24,123.2,123.4,121.0,121.75,4875800,121.75
2012-01-25,122.51,125.52,121.07,125.03,4876400,125.03
2012-01-26,124.29,127.21,122.83,123.9,5636000,123.9
2012-01-27,124.2,131.9,124.11,131.36,8589800,131.36
2012-01-30,130.93,132.25,128.12,130.73,7871300,130.73
2012-01-31,129.01,130.66,125.81,127.52,6414000,127.52
2012-02-01,129.81,129.9,126.06,127.73,5824600,127.73
2012-02-02,128.0,131.23,127.11,130.79,5949100,130.79
2012-02-03,132.52,135.68,132.12,134.53,7012300,134.53
2012-02-06,130.81,132.78,129.72,131.37,6010200,131.37
2012-02-07,131.02,132.23,128.94,129.49,5828200,129.49
2012-02-08,130.76,132.26,129.29,130.89,5331500,130.89
2012-02-09,131.65,135.83,131.0,135.45,6766800,135.45
2012-02-10,134.28,138.0,133.49,136.59,7129400,136.59
2012-02-13,138.8,140.09,137.13,140.0,6231900,140.0
2012-02-14,141.72,142.22,139.68,140.86,7138800,140.86
2012-02-15,142.09,142.36,137.38,138.32,6128400,138.32
2012-02-16,139.61,142.49,137.55,141.83,10380400,141.83
2012-02-17,140.92,140.92,134.68,136.9,15891200,136.9
2012-02-21,136.93,137.95,129.02,130.64,10789500,130.64
2012-02-22,130.86,134.9,130.75,133.71,7246000,133.71
2012-02-23,134.53,134.99,131.7,132.85,4391200,132.85
2012-02-24,133.77,135.6,133.62,134.89,4612400,134.89
2012-02-27,133.79,135.8,133.7,134.54,3071200,134.54
2012-02-28,135.0,138.4,134.61,138.29,5234100,138.29
2012-02-29,139.0,139.59,136.19,136.7,4689700,136.7
2012-03-01,137.98,139.84,136.2,138.87,4657100,138.87
2012-03-02,139.7,141.48,139.07,141.43,5936500,141.43
2012-03-05,140.05,140.84,135.9,136.66,5107400,136.66
2012-03-06,133.7,134.45,131.4,133.27,5064000,133.27
2012-03-07,135.29,135.76,133.51,134.94,3591700,134.94
2012-03-08,137.14,138.1,136.28,137.19,3204500,137.19
2012-03-09,138.32,139.99,138.07,138.53,4211400,138.53
2012-03-12,138.37,140.08,136.15,137.8,3485800,137.8
2012-03-13,138.84,140.22,137.6,140.18,5053700,140.18
2012-03-14,139.33,140.84,135.09,136.51,5021600,136.51
2012-03-15,137.2,137.33,135.31,136.34,3317400,136.34
2012-03-16,136.32,138.45,134.5,136.09,4383600,136.09
2012-03-19,135.99,139.2,134.82,137.94,4436400,137.94
2012-03-20,136.35,137.9,134.25,137.35,4437300,137.35
2012-03-21,137.6,142.85,137.6,140.61,8899700,140.61
2012-03-22,139.13,144.96,139.0,143.72,7961500,143.72
2012-03-23,144.24,145.0,141.86,144.32,6026600,144.32
2012-03-26,145.62,150.97,145.56,150.8,8592200,150.8
2012-03-27,150.27,154.15,148.5,150.02,7585600,150.02
2012-03-28,150.78,150.8,146.0,148.09,6271000,148.09
2012-03-29,145.11,147.5,143.86,146.41,5740200,146.41
2012-03-30,147.89,148.1,144.16,145.77,5207000,145.77
2012-04-02,144.63,148.57,144.1,146.7,5048600,146.7
2012-04-03,147.98,148.33,146.57,147.06,3766600,147.06
2012-04-04,145.54,146.64,143.51,144.69,3643700,144.69
2012-04-05,144.06,148.5,144.0,148.25,4072400,148.25
2012-04-09,146.25,149.56,145.4,148.8,4486100,148.8
2012-04-10,150.06,151.86,143.7,144.42,6399000,144.42
2012-04-11,147.0,148.0,145.1,146.16,3957000,146.16
2012-04-12,147.35,151.84,145.8,151.32,6033400,151.32
2012-04-13,150.48,152.84,148.92,151.38,6095500,151.38
2012-04-16,152.5,152.85,146.14,147.66,5440200,147.66
2012-04-17,147.58,149.48,146.5,147.49,3658500,147.49
2012-04-18,148.05,148.75,145.65,147.92,3563800,147.92
2012-04-19,147.96,149.42,144.36,144.74,4022100,144.74
2012-04-20,146.41,146.65,144.5,144.91,3395200,144.91
2012-04-23,141.35,141.97,135.69,139.66,6833100,139.66
2012-04-24,139.3,139.91,135.75,135.83,6924700,135.83
2012-04-25,130.0,136.18,128.94,134.82,14049800,134.82
2012-04-26,133.93,136.2,131.62,133.21,5965400,133.21
2012-04-27,134.63,135.13,133.39,134.44,3218100,134.44
2012-04-30,133.05,133.1,131.66,132.7,3088200,132.7
2012-05-01,132.65,135.74,132.65,133.48,3356600,133.48
2012-05-02,133.26,135.3,133.01,134.1,3173900,134.1
2012-05-03,134.27,134.5,131.89,133.11,3294900,133.11
2012-05-04,132.01,133.0,130.0,130.02,3952900,130.02
2012-05-07,129.01,129.31,127.03,127.97,3277200,127.97
2012-05-08,127.01,129.17,123.6,127.31,4805800,127.31
2012-05-09,125.0,126.11,123.55,123.7,5259200,123.7
2012-05-10,125.12,125.52,122.38,123.66,5228500,123.66
2012-05-11,121.51,124.44,121.01,122.23,5628700,122.23
2012-05-14,121.23,124.58,120.95,121.83,4208000,121.83
2012-05-15,122.92,125.39,121.83,123.87,4262200,123.87
2012-05-16,124.34,125.21,121.84,122.26,4076100,122.26
2012-05-17,122.82,123.39,117.04,117.4,5517100,117.4
2012-05-18,118.35,121.09,115.35,115.37,4414900,115.37
2012-05-21,115.03,122.1,115.03,121.75,5305200,121.75
2012-05-22,122.1,122.4,118.17,119.34,4251500,119.34
2012-05-23,118.09,122.46,117.6,122.29,3689700,122.29
2012-05-24,121.85,122.22,117.27,118.26,4406100,118.26
2012-05-25,118.1,119.17,116.75,117.59,2590000,117.59
2012-05-29,119.64,122.85,119.3,121.59,3811300,121.59
2012-05-30,119.71,120.16,117.0,118.16,3706800,118.16
2012-05-31,118.26,118.9,116.13,117.77,3052200,117.77
2012-06-01,115.0,115.89,112.93,113.35,4084100,113.35
2012-06-04,113.34,115.9,112.5,115.68,4547400,115.68
2012-06-05,115.62,117.92,115.36,117.28,2538100,117.28
2012-06-06,118.99,120.72,118.62,119.12,2865500,119.12
2012-06-07,122.33,124.8,122.1,122.46,5059600,122.46
2012-06-08,121.0,121.59,118.3,121.31,3474200,121.31
2012-06-11,123.95,123.95,120.41,120.8,3418400,120.8
2012-06-12,121.43,121.68,116.93,117.94,4613000,117.94
2012-06-13,117.28,119.55,116.27,116.72,3740000,116.72
2012-06-14,117.54,118.79,116.37,117.64,2577300,117.64
2012-06-15,117.97,120.03,117.68,119.38,3327700,119.38
2012-06-18,118.17,122.0,117.88,121.37,2609200,121.37
2012-06-19,122.03,122.11,120.5,121.72,4084700,121.72
2012-06-20,121.8,121.81,116.76,117.38,4543800,117.38
2012-06-21,117.32,117.69,113.0,113.08,4195100,113.08
2012-06-22,114.25,114.8,113.05,114.61,3125900,114.61
2012-06-25,112.89,113.32,110.0,111.02,4086700,111.02
2012-06-26,112.37,112.71,110.0,110.59,4274400,110.59
2012-06-27,111.5,112.49,110.7,111.4,3183600,111.4
2012-06-28,110.31,110.6,107.5,108.62,4055200,108.62
2012-06-29,111.54,115.0,110.53,114.98,4627300,114.98
2012-07-02,115.07,115.44,111.31,112.69,3709800,112.69
2012-07-03,112.64,114.95,112.34,114.72,1927500,114.72
2012-07-05,114.1,117.85,114.03,117.21,3199900,117.21
2012-07-06,116.57,116.82,115.07,115.91,2533200,115.91
2012-07-09,115.84,116.3,112.86,113.17,2621600,113.17
2012-07-10,114.06,114.38,108.5,109.3,4344200,109.3
2012-07-11,109.7,110.45,108.06,108.92,4263000,108.92
2012-07-12,108.0,109.9,106.8,108.21,3443900,108.21
2012-07-13,108.71,109.88,107.6,109.71,2906100,109.71
2012-07-16,108.9,109.19,107.0,107.35,2766600,107.35
2012-07-17,105.76,105.93,99.71,104.98,10098900,104.98
2012-07-18,104.08,108.5,104.04,107.45,4791600,107.45
2012-07-19,108.83,111.0,107.28,110.74,5090400,110.74
2012-07-20,111.75,111.9,108.12,110.23,5166600,110.23
2012-07-23,107.55,108.9,104.91,107.1,7593200,107.1
2012-07-24,113.92,120.12,113.83,114.95,16856800,114.95
2012-07-25,115.7,116.62,113.21,114.41,5250600,114.41
2012-07-26,116.44,119.3,116.0,118.62,4947800,118.62
2012-07-27,119.9,124.2,118.54,123.7,6188800,123.7
2012-07-30,123.31,123.7,119.37,121.29,3807100,121.29
2012-07-31,121.23,123.76,119.71,120.52,3475200,120.52
2012-08-01,122.05,123.68,120.98,123.24,3569500,123.24
2012-08-02,121.67,125.68,121.24,122.03,4596500,122.03
2012-08-03,124.25,125.0,123.0,124.84,2828900,124.84
2012-08-06,126.18,131.1,125.7,128.94,6149700,128.94
2012-08-07,129.91,132.08,129.2,130.32,3880000,130.32
2012-08-08,129.69,131.78,128.92,131.27,3265500,131.27
2012-08-09,131.0,132.0,129.78,130.94,2533000,130.94
2012-08-10,130.08,131.35,129.79,131.06,1877200,131.06
2012-08-13,131.07,131.85,128.76,130.79,2877500,130.79
2012-08-14,131.55,132.4,129.87,130.46,2409000,130.46
2012-08-15,130.01,131.34,129.55,130.1,1898600,130.1
2012-08-16,130.99,134.38,130.0,133.66,5075200,133.66
2012-08-17,134.71,134.71,132.19,133.98,3004700,133.98
2012-08-20,133.91,133.96,130.12,130.91,3082000,130.91
2012-08-21,130.0,130.0,123.2,123.4,9586400,123.4
2012-08-22,121.0,124.04,119.26,122.8,8241900,122.8
2012-08-23,122.07,122.7,110.13,115.09,21358100,115.09
2012-08-24,114.36,116.5,112.68,115.72,6525000,115.72
2012-08-27,116.0,117.35,115.25,116.9,4052600,116.9
2012-08-28,118.26,121.19,117.23,120.62,8268800,120.62
2012-08-29,118.0,118.77,113.06,113.1,9709500,113.1
2012-08-30,113.53,114.33,111.58,112.01,4992100,112.01
2012-08-31,113.67,113.7,110.27,111.44,4945200,111.44
2012-09-04,112.36,115.44,111.54,114.51,5390600,114.51
2012-09-05,113.61,114.64,111.62,111.94,4763100,111.94
2012-09-06,113.5,113.54,108.88,112.74,9515300,112.74
2012-09-07,114.0,114.45,109.4,109.59,9645200,109.59
2012-09-10,109.1,110.72,106.87,109.16,7169200,109.16
2012-09-11,109.92,110.01,107.5,109.81,5034500,109.81
2012-09-12,110.0,110.04,106.6,107.09,7127000,107.09
2012-09-13,108.39,110.91,107.56,109.83,6525000,109.83
2012-09-14,112.26,116.29,111.85,115.62,9772500,115.62
2012-09-17,116.44,116.44,112.66,113.31,5026700,113.31
2012-09-18,112.98,113.0,110.9,111.99,4560500,111.99
2012-09-19,112.82,114.85,111.02,114.14,4949400,114.14
2012-09-20,112.28,112.94,110.84,111.27,4609500,111.27
2012-09-21,112.07,112.51,110.06,111.11,6109100,111.11
2012-09-24,110.2,113.71,110.15,113.18,4589500,113.18
2012-09-25,113.5,115.79,112.05,112.52,6452900,112.52
2012-09-26,111.13,113.88,110.8,112.19,4533700,112.19
2012-09-27,113.21,114.75,112.81,114.6,4674400,114.6
2012-09-28,114.32,117.2,113.8,116.89,6228100,116.89
2012-10-01,114.47,115.3,111.81,112.77,6631900,112.77
2012-10-02,112.0,113.1,110.88,112.34,3654200,112.34
2012-10-03,112.42,112.94,111.24,112.07,3002700,112.07
2012-10-04,112.39,113.62,111.62,113.2,2466000,113.2
2012-10-05,113.74,116.8,113.53,114.2,4984600,114.2
2012-10-08,113.08,115.25,112.78,114.29,1949700,114.29
2012-10-09,110.66,110.95,105.94,106.49,10830900,106.49
2012-10-10,106.62,109.23,106.5,108.13,5837300,108.13
2012-10-11,109.52,111.0,107.8,109.04,3648300,109.04
2012-10-12,109.5,111.68,108.2,111.22,4674800,111.22
2012-10-15,111.81,113.98,111.01,113.82,4219300,113.82
2012-10-16,113.29,114.8,112.25,113.41,4273700,113.41
2012-10-17,113.84,115.27,112.35,114.85,3601800,114.85
2012-10-18,115.0,116.27,111.2,113.18,5349300,113.18
2012-10-19,113.12,113.9,111.56,112.38,3278500,112.38
2012-10-22,112.81,115.22,112.41,113.71,3214600,113.71
2012-10-23,112.7,115.17,112.12,114.99,3664900,114.99
2012-10-24,115.83,115.88,113.32,113.99,3625400,113.99
2012-10-25,113.66,115.64,113.5,114.01,3295600,114.01
2012-10-26,114.57,114.75,112.0,113.84,3456700,113.84
2012-10-31,106.81,110.5,106.29,106.73,10033700,106.73
2012-11-01,107.36,108.08,105.36,106.7,7203900,106.7
2012-11-02,107.13,107.9,104.85,105.09,5979400,105.09
2012-11-05,105.0,106.41,102.55,103.8,5642000,103.8
2012-11-06,104.81,106.09,104.5,105.94,3036700,105.94
2012-11-07,104.21,105.3,103.26,104.51,3339900,104.51
2012-11-08,104.74,105.5,103.61,103.7,2838800,103.7
2012-11-09,103.28,105.36,103.01,103.73,4277000,103.73
2012-11-12,104.21,105.32,103.8,104.6,1985500,104.6
2012-11-13,103.54,103.62,98.26,98.6,10354000,98.6
2012-11-14,98.6,98.65,91.88,93.57,16215800,93.57
2012-11-15,94.51,95.78,93.3,93.83,6269000,93.83
2012-11-16,94.1,94.29,91.81,92.68,6139200,92.68
2012-11-19,94.37,94.8,91.84,92.42,4983300,92.42
2012-11-20,92.43,95.4,92.42,94.05,5141800,94.05
2012-11-21,94.77,95.0,90.55,93.24,6673600,93.24
2012-11-23,94.82,97.41,94.0,96.22,4649900,96.22
2012-11-26,96.76,96.76,94.35,95.45,3834900,95.45
2012-11-27,95.32,95.58,94.45,94.52,3360400,94.52
2012-11-28,94.24,96.34,93.39,95.81,3492500,95.81
2012-11-29,96.69,99.4,95.14,99.0,5926600,99.0
2012-11-30,98.75,99.31,95.28,96.31,4449800,96.31
2012-12-03,96.93,97.8,95.81,95.9,4210400,95.9
2012-12-04,95.5,95.81,89.16,90.24,12490100,90.24
2012-12-05,90.26,91.68,87.96,88.12,8067800,88.12
2012-12-06,88.51,89.5,85.96,89.02,8117400,89.02
2012-12-07,89.22,90.29,87.85,89.36,3553000,89.36
2012-12-10,89.29,92.14,88.8,91.75,4751200,91.75
2012-12-11,92.9,94.5,92.52,94.1,4667600,94.1
2012-12-12,94.5,96.96,94.25,96.09,4679500,96.09
2012-12-13,95.77,97.6,94.63,95.25,4032500,95.25
2012-12-14,96.24,97.94,96.11,97.4,3813300,97.4
2012-12-17,98.0,98.86,94.75,96.26,4245600,96.26
2012-12-18,97.29,98.64,96.71,98.55,3385500,98.55
2012-12-19,97.53,101.8,97.21,100.58,4801000,100.58
2012-12-20,100.73,100.95,98.13,99.84,4182600,99.84
2012-12-21,97.35,99.3,97.01,98.7,3278700,98.7
2012-12-24,97.85,98.46,96.1,96.77,1852100,96.77
2012-12-26,96.49,102.5,96.49,101.45,5018500,101.45
2012-12-27,102.12,102.15,98.19,99.43,3882900,99.43
2012-12-28,98.43,100.73,97.71,99.0,2877800,99.0
2012-12-31,99.23,101.05,97.5,100.29,3126300,100.29
2013-01-02,103.33,104.75,102.51,104.12,4084800,104.12
2013-01-03,104.0,106.9,103.82,104.98,4454400,104.98
2013-01-04,104.66,104.86,102.52,104.65,2721900,104.65
2013-01-07,102.04,102.57,99.32,102.29,3989900,102.29
2013-01-08,102.0,102.76,100.6,101.09,2865300,101.09
2013-01-09,101.81,104.73,101.51,104.34,3379000,104.34
2013-01-10,105.46,111.5,105.4,110.57,9880100,110.57
2013-01-11,109.9,114.43,109.65,112.97,8489900,112.97
2013-01-14,114.09,114.88,111.52,112.64,3658900,112.64
2013-01-15,111.71,112.34,109.22,111.66,3978200,111.66
2013-01-16,111.11,111.89,109.71,109.93,2834700,109.93
2013-01-17,110.98,111.5,108.23,108.43,3668500,108.43
2013-01-18,109.78,111.29,108.84,109.84,3121700,109.84
2013-01-22,109.61,110.0,106.5,108.91,4770200,108.91
2013-01-23,110.03,111.25,108.11,108.3,3548700,108.3
2013-01-24,108.91,110.57,107.16,107.92,4813500,107.92
2013-01-25,108.08,109.53,107.5,108.01,2863400,108.01
2013-01-28,108.47,111.82,108.22,111.39,5502700,111.39
2013-01-29,112.0,113.56,108.25,109.45,4542400,109.45
2013-01-30,110.12,110.12,107.5,108.98,3205500,108.98
2013-01-31,108.21,109.46,107.79,108.3,2908900,108.3
2013-02-01,108.86,109.03,107.31,108.61,3995700,108.61
2013-02-04,108.53,108.7,106.58,107.2,6121700,107.2
2013-02-05,99.0,99.65,95.3,96.37,17629200,96.37
2013-02-06,96.76,98.95,96.22,98.37,6076500,98.37
2013-02-07,98.25,98.65,95.91,96.27,6718400,96.27
2013-02-08,96.82,97.39,95.61,96.86,4072300,96.86
2013-02-11,96.67,96.99,95.47,96.37,2890000,96.37
2013-02-12,96.52,96.91,95.31,95.53,3684400,95.53
2013-02-13,95.43,96.7,94.38,95.91,3249300,95.91
2013-02-14,95.02,96.67,95.02,95.18,4078600,95.18
2013-02-15,95.39,95.43,94.01,94.32,3680800,94.32
2013-02-19,92.85,93.64,91.74,92.18,5698600,92.18
2013-02-20,91.88,92.2,88.1,88.45,7840600,88.45
2013-02-21,88.25,90.8,87.87,88.77,5320100,88.77
2013-02-22,89.92,89.96,87.54,89.18,3164000,89.18
2013-02-25,89.45,89.98,88.0,88.01,2515700,88.01
2013-02-26,88.26,90.45,88.19,89.73,4227700,89.73
2013-02-27,90.28,90.28,88.84,89.35,2782900,89.35
2013-02-28,89.85,91.6,89.38,90.76,2942600,90.76
2013-03-01,90.0,93.21,89.96,92.56,3462500,92.56
2013-03-04,91.81,92.32,88.84,90.26,5291500,90.26
2013-03-05,90.68,92.09,89.71,91.37,4774900,91.37
2013-03-06,90.79,91.32,89.5,89.93,3223700,89.93
2013-03-07,90.26,90.76,89.51,90.42,2003100,90.42
2013-03-08,91.0,91.14,89.18,89.22,3249100,89.22
2013-03-11,89.25,90.0,88.17,89.43,3108600,89.43
2013-03-12,88.93,89.19,87.33,87.75,4223400,87.75
2013-03-13,87.75,88.16,86.51,87.65,3375700,87.65
2013-03-14,88.27,88.69,86.09,86.33,4289700,86.33
2013-03-15,86.16,86.4,84.88,85.08,6763500,85.08
2013-03-18,84.09,86.39,83.31,85.17,6811600,85.17
2013-03-19,85.33,85.66,83.35,84.24,4282100,84.24
2013-03-20,85.04,86.85,83.99,86.1,4689400,86.1
2013-03-21,86.1,86.85,85.26,85.92,3034100,85.92
2013-03-22,86.13,86.8,85.17,86.49,2039900,86.49
2013-03-25,87.05,87.05,84.69,85.33,3081300,85.33
2013-03-26,85.74,86.39,84.95,86.07,2132900,86.07
2013-03-27,85.55,88.39,85.42,88.13,3467100,88.13
2013-03-28,87.41,88.22,85.96,87.7,3597800,87.7
2013-04-01,87.82,87.89,86.6,87.05,1951300,87.05
2013-04-02,87.28,88.95,87.03,88.12,2873200,88.12
2013-04-03,88.37,89.0,85.8,85.96,2979800,85.96
2013-04-04,86.13,86.15,84.92,85.16,3338400,85.16
2013-04-05,84.1,84.38,82.98,83.59,3457800,83.59
2013-04-08,83.27,84.28,83.27,84.07,2029200,84.07
2013-04-09,84.17,85.35,83.71,84.87,3378800,84.87
2013-04-10,88.0,91.1,86.73,90.07,7747000,90.07
2013-04-11,90.01,90.31,88.57,88.76,2943200,88.76
2013-04-12,88.73,91.49,88.61,90.62,4016600,90.62
2013-04-15,89.33,91.23,88.33,88.57,3435800,88.57
2013-04-16,89.2,90.95,89.05,90.29,2801300,90.29
2013-04-17,89.25,90.55,88.38,88.61,3409800,88.61
2013-04-18,88.83,88.87,85.77,86.47,3199200,86.47
2013-04-19,86.59,87.35,86.04,86.43,2010100,86.43
2013-04-22,86.79,87.0,85.17,85.66,3570700,85.66
2013-04-23,85.32,88.65,84.22,87.85,3977800,87.85
2013-04-24,87.85,89.55,87.11,88.09,3523000,88.09
2013-04-25,89.28,92.74,89.0,92.34,7480300,92.34
2013-04-26,84.09,86.36,83.89,85.02,14187700,85.02
2013-04-29,86.4,88.07,85.14,85.49,5807700,85.49
2013-04-30,85.77,86.5,85.25,85.85,3490100,85.85
2013-05-01,85.85,85.85,84.66,84.86,2757200,84.86
2013-05-02,85.12,85.78,84.48,85.0,3413900,85.0
2013-05-03,85.95,86.13,84.45,84.51,4025400,84.51
2013-05-06,84.91,87.89,84.86,87.65,4241000,87.65
2013-05-07,88.58,89.88,87.6,89.3,4660700,89.3
2013-05-08,89.5,93.4,89.18,92.91,5664600,92.91
2013-05-09,92.75,95.23,91.35,94.25,4855600,94.25
2013-05-10,94.84,95.56,93.67,95.45,4699100,95.45
2013-05-13,95.5,95.5,92.84,93.14,4213100,93.14
2013-05-14,92.81,93.0,90.16,92.84,4422300,92.84
2013-05-15,92.11,95.15,92.1,93.55,4525000,93.55
2013-05-16,93.49,94.21,92.52,92.69,3021500,92.69
2013-05-17,93.6,95.17,92.52,94.72,4206600,94.72
2013-05-20,94.72,100.68,94.68,100.49,6853100,100.49
2013-05-21,100.3,100.4,97.83,99.03,4906700,99.03
2013-05-22,98.8,100.49,93.8,95.14,6932000,95.14
2013-05-23,92.81,95.44,92.3,93.89,4227600,93.89
2013-05-24,93.75,97.27,93.75,96.45,4487200,96.45
2013-05-28,97.88,98.5,96.55,97.28,5206600,97.28
2013-05-29,96.94,97.5,95.58,96.55,2932800,96.55
2013-05-30,96.18,98.24,95.73,97.77,3553900,97.77
2013-05-31,97.5,98.32,96.6,96.64,3758300,96.64
2013-06-03,97.04,97.38,95.5,96.35,3066200,96.35
2013-06-04,96.18,97.2,95.67,96.06,2284300,96.06
2013-06-05,95.98,96.12,94.23,94.95,3004900,94.95
2013-06-06,94.86,99.22,94.46,98.89,3630700,98.89
2013-06-07,99.57,103.61,99.3,102.67,6804500,102.67
2013-06-10,102.48,103.58,100.26,102.99,3790900,102.99
2013-06-11,100.91,101.76,99.03,99.43,3502500,99.43
2013-06-12,100.08,100.29,96.5,97.51,3638600,97.51
2013-06-13,97.52,99.77,96.7,99.66,2970300,99.66
2013-06-14,99.41,100.04,97.07,98.0,3059600,98.0
2013-06-17,98.9,99.0,96.15,96.76,3888700,96.76
2013-06-18,96.25,97.33,96.01,96.3,3289900,96.3
2013-06-19,95.6,95.97,94.18,94.55,4052100,94.55
2013-06-20,93.99,94.5,92.84,93.23,5011500,93.23
2013-06-21,93.45,94.2,92.52,93.41,3656900,93.41
2013-06-24,91.16,91.28,88.08,89.89,5475400,89.89
2013-06-25,90.74,91.75,89.51,91.09,4494100,91.09
2013-06-26,91.95,94.5,91.28,93.72,3233700,93.72
2013-06-27,94.99,95.22,93.76,94.19,2159100,94.19
2013-06-28,93.64,95.09,92.57,94.6,2218700,94.6
2013-07-01,95.35,95.5,92.22,92.5,2608600,92.5
2013-07-02,92.1,93.45,89.67,90.31,3176100,90.31
2013-07-03,89.78,90.6,88.89,89.22,2011000,89.22
2013-07-05,90.96,92.4,89.44,91.52,2922400,91.52
2013-07-08,91.52,92.48,90.41,90.5,2810700,90.5
2013-07-09,91.24,93.12,90.16,92.69,3185600,92.69
2013-07-10,92.61,94.18,92.4,93.43,1767300,93.43
2013-07-11,94.4,97.25,94.01,97.08,3812700,97.08
2013-07-12,96.58,97.05,95.18,96.85,3337300,96.85
2013-07-15,97.09,102.28,97.08,101.59,5720100,101.59
2013-07-16,107.25,108.05,104.61,105.69,9535300,105.69
2013-07-17,105.43,108.92,104.62,108.53,4970900,108.53
2013-07-18,107.52,111.59,107.52,111.2,6282500,111.2
2013-07-19,110.32,111.88,108.42,111.08,4099100,111.08
2013-07-22,110.0,112.07,109.8,110.01,4251900,110.01
2013-07-23,111.31,111.31,108.47,109.84,3329200,109.84
2013-07-24,109.76,113.88,109.37,113.37,7538500,113.37
2013-07-25,129.09,132.86,120.26,125.85,21631300,125.85
2013-07-26,125.08,129.6,124.27,127.56,8069500,127.56
2013-07-29,126.34,130.33,126.33,129.33,5778400,129.33
2013-07-30,129.3,132.0,127.6,131.69,4590800,131.69
2013-07-31,131.0,133.35,130.41,132.31,4320000,132.31
2013-08-01,133.65,135.0,132.18,134.93,4080300,134.93
2013-08-02,134.5,139.85,133.84,139.7,6860200,139.7
2013-08-05,138.75,139.18,132.18,133.89,5522900,133.89
2013-08-06,133.07,135.87,132.96,134.56,3520800,134.56
2013-08-07,134.49,135.75,132.64,135.33,2394400,135.33
2013-08-08,136.79,136.95,134.39,135.74,2275500,135.74
2013-08-09,137.78,139.5,137.11,138.19,2969500,138.19
2013-08-12,137.07,139.39,135.66,136.73,3235100,136.73
2013-08-13,137.56,142.5,136.76,141.53,4750500,141.53
2013-08-14,140.55,143.12,138.11,138.51,3496600,138.51
2013-08-15,137.0,138.43,134.32,134.92,2846600,134.92
2013-08-16,135.17,135.79,132.69,134.64,2908700,134.64
2013-08-19,134.48,137.79,133.24,135.01,2294600,135.01
2013-08-20,134.75,136.5,134.33,134.96,1950600,134.96
2013-08-21,134.56,136.62,134.08,135.99,2373600,135.99
2013-08-22,137.54,142.35,137.54,139.54,2816700,139.54
2013-08-23,140.58,140.58,137.65,138.64,2104600,138.64
2013-08-26,139.4,140.93,138.13,139.02,3097600,139.02
2013-08-27,137.35,138.0,134.7,135.12,2713900,135.12
2013-08-28,134.84,139.59,133.65,138.98,2968100,138.98
2013-08-29,139.0,140.69,138.53,139.76,2417800,139.76
2013-08-30,139.7,140.09,135.1,135.53,2607500,135.53
2013-09-03,137.89,139.42,135.83,136.17,3164100,136.17
2013-09-04,137.2,137.2,133.7,134.49,3037900,134.49
2013-09-05,134.82,134.95,132.31,132.99,3481400,132.99
2013-09-06,133.28,136.69,132.62,135.67,5224100,135.67
2013-09-09,137.46,137.73,134.4,136.58,2790100,136.58
2013-09-10,137.82,140.9,137.51,140.6,4432000,140.6
2013-09-11,139.8,148.25,139.8,147.31,6915300,147.31
2013-09-12,147.37,147.6,143.6,144.5,2922400,144.5
2013-09-13,145.48,146.01,141.28,142.64,2923000,142.64
2013-09-16,143.85,147.38,141.29,142.59,3194400,142.59
2013-09-17,142.21,143.93,141.32,143.81,2130900,143.81
2013-09-18,143.81,145.95,143.2,145.7,2722700,145.7
2013-09-19,146.33,149.74,146.06,147.7,3433200,147.7
2013-09-20,148.02,149.14,145.56,146.25,3253400,146.25
2013-09-23,145.61,149.95,145.22,149.26,3128000,149.26
2013-09-24,149.12,154.72,147.03,150.13,5266400,150.13
2013-09-25,151.7,153.0,149.63,150.68,2777500,150.68
2013-09-26,151.51,154.35,150.28,154.28,2805500,154.28
2013-09-27,153.73,154.8,152.1,153.84,1861300,153.84
2013-09-30,150.65,155.8,148.26,155.18,3116000,155.18
2013-10-01,155.3,158.76,154.05,158.64,3330800,158.64
2013-10-02,157.61,161.48,157.11,159.94,3477500,159.94
2013-10-03,160.31,160.66,156.24,157.08,3343300,157.08
2013-10-04,157.13,160.48,157.07,159.0,2595000,159.0
2013-10-07,157.61,160.6,157.45,157.54,3195200,157.54
2013-10-08,157.54,158.71,146.67,148.75,6237200,148.75
2013-10-09,149.97,150.97,141.52,146.54,5752300,146.54
2013-10-10,150.12,153.87,149.05,153.16,3424400,153.16
2013-10-11,152.0,155.0,150.48,154.9,2825000,154.9
2013-10-14,152.07,153.75,150.84,152.96,1945400,152.96
2013-10-15,152.75,153.99,150.42,151.5,2403600,151.5
2013-10-16,151.72,155.0,149.74,150.2,2945600,150.2
2013-10-17,150.23,154.96,150.0,153.83,3218500,153.83
2013-10-18,157.23,166.39,157.0,165.91,7354000,165.91
2013-10-21,167.55,167.55,160.38,161.21,4504700,161.21
2013-10-22,162.35,164.8,153.22,158.57,4131700,158.57
2013-10-23,155.15,156.5,151.35,155.07,4788500,155.07
2013-10-24,155.76,161.86,155.32,161.34,4447200,161.34
2013-10-25,162.9,165.4,158.1,159.36,4131900,159.36
2013-10-28,155.51,158.4,152.5,154.12,4511500,154.12
2013-10-29,154.71,159.5,152.53,159.41,6291900,159.41
2013-10-30,168.6,169.75,159.75,164.93,14097700,164.93
2013-10-31,161.59,163.39,157.45,160.8,5166000,160.8
2013-11-01,162.99,163.12,158.23,160.06,2935900,160.06
2013-11-04,160.36,160.6,155.5,156.02,3013200,156.02
2013-11-05,155.16,155.49,150.2,153.46,5421400,153.46
2013-11-06,154.0,155.49,147.79,150.09,3793400,150.09
2013-11-07,150.56,150.92,142.7,147.35,5241300,147.35
2013-11-08,147.95,152.6,147.2,151.09,4392100,151.09
2013-11-11,151.11,153.56,150.0,151.6,2224000,151.6
2013-11-12,151.0,154.11,149.56,150.43,1963400,150.43
2013-11-13,148.95,153.0,147.8,152.98,2668600,152.98
2013-11-14,153.48,159.6,152.74,158.99,4222200,158.99
2013-11-15,159.5,163.04,159.3,162.33,4472100,162.33
2013-11-18,164.0,169.55,161.64,162.87,4892600,162.87
2013-11-19,164.5,165.76,160.2,163.12,3275500,163.12
2013-11-20,163.32,164.98,158.32,158.76,2715200,158.76
2013-11-21,161.01,161.24,156.81,158.4,3185200,158.4
2013-11-22,159.25,160.0,156.52,158.09,2239800,158.09
2013-11-25,158.86,160.59,155.66,156.66,2439400,156.66
2013-11-26,155.77,163.28,153.25,163.03,3914000,163.03
2013-11-27,163.16,165.7,161.98,162.99,2483900,162.99
2013-11-29,163.51,168.24,163.51,166.57,2218800,166.57
2013-12-02,167.14,169.13,163.65,168.66,2811100,168.66
2013-12-03,168.01,170.43,166.0,167.05,2632300,167.05
2013-12-04,165.5,169.19,163.31,168.26,2522700,168.26
2013-12-05,168.62,170.78,165.43,167.36,3964800,167.36
2013-12-06,168.07,170.0,165.45,168.71,3671900,168.71
2013-12-09,169.11,173.65,167.01,171.9,4349900,171.9
2013-12-10,171.7,180.89,171.1,179.93,6899100,179.93
2013-12-11,180.24,181.25,172.61,173.24,4252800,173.24
2013-12-12,173.11,174.39,170.11,171.5,3699600,171.5
2013-12-13,172.75,173.8,169.6,171.24,2200100,171.24
2013-12-16,172.55,173.97,168.31,169.01,2527000,169.01
2013-12-17,170.47,171.5,168.0,168.33,2054000,168.33
2013-12-18,168.76,172.18,166.2,171.49,2946900,171.49
2013-12-19,170.13,171.17,168.85,170.39,2240700,170.39
2013-12-20,170.7,174.89,168.83,173.36,3148700,173.36
2013-12-23,174.08,174.54,170.99,172.3,2468200,172.3
2013-12-24,172.13,172.8,168.12,168.58,1881600,168.58
2013-12-26,169.29,169.65,166.8,167.28,2087500,167.28
2013-12-27,167.76,174.87,167.44,173.77,3533900,173.77
2013-12-30,173.36,175.89,170.6,173.99,2165200,173.99
2013-12-31,175.13,178.37,174.49,177.88,2761700,177.88
2014-01-02,177.49,181.15,174.51,179.99,4702400,179.99
2014-01-03,179.73,180.3,174.75,175.28,3382200,175.28
2014-01-06,175.18,177.75,173.75,176.63,2858700,176.63
2014-01-07,178.2,179.18,175.7,178.82,2480500,178.82
2014-01-08,179.94,184.87,179.5,181.79,3441900,181.79
2014-01-09,182.65,185.5,175.3,175.52,4522300,175.52
2014-01-10,178.9,180.22,176.61,179.66,3318100,179.66
2014-01-13,178.1,181.05,170.39,171.0,4439400,171.0
2014-01-14,173.89,173.94,171.77,172.87,3687900,172.87
2014-01-15,173.91,174.88,169.71,170.5,3333000,170.5
2014-01-16,171.3,174.57,169.75,173.0,2975000,173.0
2014-01-17,172.48,172.93,168.87,170.14,3684600,170.14
2014-01-21,172.48,174.64,169.26,172.7,3433500,172.7
2014-01-22,174.09,176.32,172.25,174.43,3087400,174.43
2014-01-23,168.79,170.55,162.0,163.58,9587500,163.58
2014-01-24,160.6,165.33,159.0,161.37,5959200,161.37
2014-01-27,161.52,163.29,155.21,158.68,4679900,158.68
2014-01-28,163.29,166.55,162.5,164.24,4873500,164.24
2014-01-29,163.29,163.39,157.4,158.1,4315800,158.1
2014-01-30,161.48,162.6,158.3,160.81,3334800,160.81
2014-01-31,159.74,159.95,155.37,156.5,3945800,156.5
2014-02-03,156.26,157.93,148.6,150.52,5027500,150.52
2014-02-04,152.45,156.22,152.01,155.82,3445400,155.82
2014-02-05,154.26,154.72,149.26,152.1,3145000,152.1
2014-02-06,152.01,157.19,152.0,155.05,3225500,155.05
2014-02-07,156.44,162.75,156.0,161.14,4389000,161.14
2014-02-10,160.23,165.85,160.14,164.24,3365600,164.24
2014-02-11,165.49,167.27,162.7,166.29,3565300,166.29
2014-02-12,167.82,168.29,164.57,167.05,3066900,167.05
2014-02-13,165.83,170.14,164.1,170.04,3280800,170.04
2014-02-14,170.04,170.19,166.14,167.48,2526500,167.48
2014-02-18,170.0,174.3,168.93,173.79,3734600,173.79
2014-02-19,173.87,177.32,173.02,173.59,3138500,173.59
2014-02-20,173.91,174.36,169.76,173.9,3027700,173.9
2014-02-21,173.31,175.23,170.9,172.66,2439000,172.66
2014-02-24,175.53,176.0,172.01,172.53,2707800,172.53
2014-02-25,173.05,173.99,168.66,170.15,3479200,170.15
2014-02-26,172.64,174.94,171.08,172.9,6290000,172.9
2014-02-27,174.0,180.48,171.05,178.92,13896600,178.92
2014-02-28,177.13,179.0,168.15,170.93,8631000,170.93
2014-03-03,168.0,171.06,165.25,169.75,5156000,169.75
2014-03-04,173.35,173.9,171.25,172.42,4399600,172.42
2014-03-05,173.59,174.88,172.9,174.57,2500400,174.57
2014-03-06,175.47,186.0,175.01,184.64,8739100,184.64
2014-03-07,185.5,189.34,180.95,182.04,6761900,182.04
2014-03-10,181.58,181.64,174.99,179.56,4208100,179.56
2014-03-11,180.33,180.62,172.35,173.5,4196600,173.5
2014-03-12,171.76,175.45,169.26,174.18,4049900,174.18
2014-03-13,175.5,175.65,164.44,166.09,5830400,166.09
2014-03-14,165.19,165.94,160.28,160.59,6017400,160.59
2014-03-17,163.01,165.76,161.38,161.66,4441300,161.66
2014-03-18,162.7,165.67,161.2,164.09,3559500,164.09
2014-03-19,163.87,164.02,159.04,160.58,4432900,160.58
2014-03-20,159.11,161.27,157.03,157.48,4289300,157.48
2014-03-21,160.71,161.5,156.75,158.31,4526500,158.31
2014-03-24,158.84,159.94,154.6,157.38,4678800,157.38
2014-03-25,158.43,159.62,154.7,156.05,4288800,156.05
2014-03-26,157.95,159.82,152.03,152.12,4553100,152.12
2014-03-27,151.26,152.8,144.16,151.0,8227800,151.0
2014-03-28,151.9,155.4,150.3,150.66,4506700,150.66
2014-03-31,154.09,157.9,150.91,152.27,5347400,152.27
2014-04-01,155.2,159.6,155.12,159.18,5349500,159.18
2014-04-02,160.76,163.58,159.37,160.47,4422900,160.47
2014-04-03,160.69,162.2,155.5,157.45,4384300,157.45
2014-04-04,157.83,158.17,148.5,149.35,8203800,149.35
2014-04-07,147.96,149.46,140.66,143.51,10335000,143.51
2014-04-08,145.37,153.36,145.01,150.96,7458600,150.96
2014-04-09,153.05,157.85,149.31,157.68,5676400,157.68
2014-04-10,159.2,159.81,148.92,150.97,6665600,150.97
2014-04-11,148.5,153.26,147.23,149.74,4387800,149.74
2014-04-14,153.36,155.83,150.28,153.76,3776200,153.76
2014-04-15,153.81,155.8,147.25,155.47,5358200,155.47
2014-04-16,159.29,159.5,152.1,157.23,3847600,157.23
2014-04-17,156.27,157.92,152.76,155.8,3386500,155.8
2014-04-21,157.23,160.14,155.99,160.11,3015900,160.11
2014-04-22,160.27,164.42,160.2,163.01,3898900,163.01
2014-04-23,162.25,162.68,158.44,159.34,2973300,159.34
2014-04-24,161.62,161.67,154.58,159.74,6727600,159.74
2014-04-25,164.32,167.36,159.28,162.91,9463100,162.91
2014-04-28,162.61,162.99,148.16,150.93,10035200,150.93
2014-04-29,150.81,156.99,150.02,155.15,5159900,155.15
2014-04-30,153.35,154.99,150.4,153.85,4178500,153.85
2014-05-01,154.59,160.22,153.51,158.69,4046100,158.69
2014-05-02,159.66,161.4,158.21,159.91,2896100,159.91
2014-05-05,158.23,159.85,156.57,159.73,2158600,159.73
2014-05-06,159.73,162.81,157.73,157.83,2698400,157.83
2014-05-07,157.03,157.5,148.44,151.27,6173800,151.27
2014-05-08,151.14,154.59,149.31,150.38,3695100,150.38
2014-05-09,151.0,153.23,148.52,152.85,2460100,152.85
2014-05-12,154.67,160.17,154.07,159.88,4279600,159.88
2014-05-13,159.39,159.61,155.12,156.11,2922100,156.11
2014-05-14,156.0,158.75,155.64,156.02,2546600,156.02
2014-05-15,156.65,156.72,152.08,155.39,2490300,155.39
2014-05-16,154.65,155.64,152.47,154.77,2731300,154.77
2014-05-19,154.45,158.39,152.71,157.65,2528400,157.65
2014-05-20,158.15,159.92,156.29,158.42,2679600,158.42
2014-05-21,159.69,164.49,158.82,163.97,3366000,163.97
2014-05-22,164.28,164.97,161.5,163.53,3049300,163.53
2014-05-23,162.9,167.99,161.9,167.63,2700400,167.63
2014-05-27,168.04,170.31,167.23,169.32,3318000,169.32
2014-05-28,169.74,170.79,166.0,166.17,2811700,166.17
2014-05-29,166.71,169.59,165.52,167.5,2266500,167.5
2014-05-30,167.78,167.87,165.05,165.81,1943700,165.81
2014-06-02,166.5,167.58,164.27,167.25,1973800,167.25
2014-06-03,167.0,167.19,162.8,163.67,2716800,163.67
2014-06-04,162.51,164.5,160.8,163.38,1795100,163.38
2014-06-05,162.9,168.14,162.68,166.42,2304500,166.42
2014-06-06,166.5,173.34,166.5,172.34,4812900,172.34
2014-06-09,172.46,174.58,170.38,171.59,2381900,171.59
2014-06-10,171.65,176.28,171.08,176.14,4111300,176.14
2014-06-11,174.14,178.68,173.56,176.51,3249600,176.51
2014-06-12,176.5,179.5,174.76,175.98,3061500,175.98
2014-06-13,176.31,179.5,175.8,178.05,2374100,178.05
2014-06-16,177.45,177.47,174.56,176.88,2193900,176.88
2014-06-17,177.89,179.26,176.17,178.22,2053400,178.22
2014-06-18,178.41,178.41,174.53,176.68,2585500,176.68
2014-06-19,177.1,177.17,173.21,174.39,1614300,174.39
2014-06-20,175.17,176.96,172.9,174.5,2521000,174.5
2014-06-23,174.0,178.92,174.0,177.54,3281900,177.54
2014-06-24,177.02,184.29,176.2,181.19,5869300,181.19
2014-06-25,180.0,185.82,179.26,184.46,4310300,184.46
2014-06-26,184.46,185.9,182.34,183.71,2144300,183.71
2014-06-27,183.45,185.54,182.85,184.96,2133300,184.96
2014-06-30,185.41,188.66,184.17,186.81,3149400,186.81
2014-07-01,188.05,191.56,186.5,191.28,4104900,191.28
2014-07-02,192.21,193.89,189.42,189.96,3355200,189.96
2014-07-03,191.36,191.55,189.31,191.2,1878500,191.2
2014-07-07,191.84,191.84,187.64,188.0,2045000,188.0
2014-07-08,187.71,188.4,177.82,182.3,4030800,182.3
2014-07-09,182.09,185.08,179.84,184.94,2205000,184.94
2014-07-10,180.01,185.35,176.69,183.32,2928300,183.32
2014-07-11,184.02,186.54,183.03,186.1,1941700,186.1
2014-07-14,188.0,190.48,186.73,188.52,2019000,188.52
2014-07-15,188.95,190.44,186.79,189.87,2418300,189.87
2014-07-16,190.82,193.4,189.31,189.42,2048700,189.42
2014-07-17,187.67,191.41,186.03,186.91,2397900,186.91
2014-07-18,188.11,191.7,187.0,191.17,2226800,191.17
2014-07-21,194.15,199.09,193.0,197.72,5311200,197.72
2014-07-22,199.52,200.05,197.75,198.43,3416200,198.43
2014-07-23,199.25,201.0,198.19,200.12,2880500,200.12
2014-07-24,203.6,205.5,201.91,204.27,6838600,204.27
2014-07-25,221.18,226.76,217.0,226.5,12597400,226.5
2014-07-28,226.66,229.6,224.02,225.8,5189200,225.8
2014-07-29,226.34,226.34,219.76,220.0,4360400,220.0
2014-07-30,221.67,222.54,218.82,219.13,4006200,219.13
2014-07-31,216.14,220.74,215.13,216.05,4602300,216.05
2014-08-01,216.32,217.89,210.1,212.38,5260300,212.38
2014-08-04,213.19,220.57,213.06,218.9,3476100,218.9
2014-08-05,218.46,220.4,214.58,215.57,2746800,215.57
2014-08-06,213.57,217.38,212.28,215.14,1991700,215.14
2014-08-07,216.01,217.0,211.86,213.51,2120600,213.51
2014-08-08,214.39,215.8,213.0,215.09,1984700,215.09
2014-08-11,217.0,220.39,216.1,217.98,2366500,217.98
2014-08-12,217.77,218.7,214.75,216.16,1515400,216.16
2014-08-13,218.1,219.78,217.27,218.59,2538100,218.59
2014-08-14,219.0,222.13,218.64,219.58,2361800,219.58
2014-08-15,221.4,221.56,217.09,218.85,2523300,218.85
2014-08-18,220.0,221.25,218.88,219.24,1897500,219.24
2014-08-19,219.42,220.0,216.58,218.21,1772200,218.21
2014-08-20,217.96,219.5,215.43,219.02,1427700,219.02
2014-08-21,218.52,220.48,215.02,216.84,2460600,216.84
2014-08-22,216.8,216.8,213.6,214.19,1871200,214.19
2014-08-25,214.49,218.71,214.49,216.8,2032500,216.8
2014-08-26,217.98,218.5,215.81,216.08,1858800,216.08
2014-08-27,216.47,217.8,215.11,215.46,1022700,215.46
2014-08-28,214.5,214.74,211.26,213.81,2596300,213.81
2014-08-29,214.56,215.19,213.04,214.52,1455000,214.52
2014-09-02,215.27,225.0,215.0,224.8,5156400,224.8
2014-09-03,227.5,231.4,224.0,227.45,4633600,227.45
2014-09-04,228.96,230.56,223.63,224.2,3019300,224.2
2014-09-05,224.48,227.0,222.45,226.7,1819700,226.7
2014-09-08,225.8,229.62,224.0,225.46,2314800,225.46
2014-09-09,225.5,228.46,219.57,221.23,2284800,221.23
2014-09-10,220.41,221.49,217.65,220.68,2426200,220.68
2014-09-11,219.79,221.45,218.33,220.02,1562100,220.02
2014-09-12,219.41,221.25,216.5,217.96,2291100,217.96
2014-09-15,218.11,218.68,208.35,210.73,3512200,210.73
2014-09-16,210.0,216.94,208.9,215.57,4120200,215.57
2014-09-17,217.37,219.81,215.0,219.08,3747400,219.08
2014-09-18,220.71,228.59,219.85,228.45,4662900,228.45
2014-09-19,229.92,231.41,222.75,224.93,6417200,224.93
2014-09-22,222.31,223.69,213.01,214.86,4672400,214.86
2014-09-23,213.7,219.0,212.29,214.79,3452000,214.79
2014-09-24,217.7,223.05,215.66,221.97,3147300,221.97
2014-09-25,221.14,222.0,215.44,217.55,3297900,217.55
2014-09-26,217.77,219.9,217.11,219.02,2299700,219.02
2014-09-29,219.42,222.54,217.05,220.47,3232700,220.47
2014-09-30,221.42,222.37,216.76,218.23,3036200,218.23
2014-10-01,218.0,218.19,209.5,212.03,3832000,212.03
2014-10-02,212.59,216.94,207.1,214.8,3948500,214.8
2014-10-03,216.18,218.55,215.29,216.45,2724700,216.45
2014-10-06,218.0,219.94,216.45,217.2,2157000,217.2
2014-10-07,216.2,221.99,214.61,215.63,3595700,215.63
2014-10-08,215.42,217.98,211.55,217.54,3662200,217.54
2014-10-09,216.51,219.97,212.83,213.0,3470900,213.0
2014-10-10,211.54,214.99,201.63,203.35,5868000,203.35
2014-10-13,204.57,207.89,197.86,199.68,4122900,199.68
2014-10-14,202.31,203.0,196.65,199.07,4112500,199.07
2014-10-15,195.43,206.27,194.31,205.73,5955600,205.73
2014-10-16,203.59,214.4,202.73,211.22,5831600,211.22
2014-10-17,214.22,217.47,210.4,211.73,4244700,211.73
2014-10-20,212.35,217.07,211.2,216.62,2549600,216.62
2014-10-21,218.08,223.95,218.0,222.35,3967200,222.35
2014-10-22,224.14,224.21,218.25,219.26,2512900,219.26
2014-10-23,220.2,222.5,216.52,217.03,3416500,217.03
2014-10-24,218.05,222.81,215.52,222.55,2982100,222.55
2014-10-27,220.51,223.35,219.18,219.92,3088000,219.92
2014-10-28,222.54,229.72,221.37,228.96,4651100,228.96
2014-10-29,227.37,227.75,219.61,224.55,7736700,224.55
2014-10-30,222.3,237.55,222.0,237.01,10605900,237.01
2014-10-31,240.14,242.62,238.65,238.77,6261200,238.77
2014-11-03,239.18,240.56,234.32,236.54,3515600,236.54
2014-11-04,235.09,242.14,235.0,241.96,3896400,241.96
2014-11-05,244.0,246.0,237.04,237.7,4552200,237.7
2014-11-06,238.25,239.06,233.0,236.9,2973200,236.9
2014-11-07,237.38,238.63,235.5,236.54,1913100,236.54
2014-11-10,237.3,247.7,237.2,247.58,4178600,247.58
2014-11-11,245.44,251.0,243.01,250.34,3550200,250.34
2014-11-12,248.58,251.65,246.78,249.82,2451100,249.82
2014-11-13,250.16,251.99,242.08,244.09,3302600,244.09
2014-11-14,245.62,251.22,244.54,249.7,3637600,249.7
2014-11-17,249.45,250.0,238.25,244.15,4375300,244.15
2014-11-18,244.59,245.65,240.94,242.75,2878700,242.75
2014-11-19,242.0,245.41,238.8,240.42,2881600,240.42
2014-11-20,238.86,241.51,236.1,238.39,2140300,238.39
2014-11-21,244.45,245.95,241.71,245.3,3740400,245.3
2014-11-24,247.76,247.87,240.81,243.91,2430000,243.91
2014-11-25,244.28,245.89,242.07,244.34,1868800,244.34
2014-11-26,244.97,248.74,243.29,246.03,2920700,246.03
